MemberID,Sex,YearJoined,year,Status,Age,fitness,racquets,dock,city_dining,island_dining,bar_spending,other_spending
316,M,1983,2017,ACTIVE,69,N,Y,Y,137,1082,2179,1220
316,M,1983,2020,ACTIVE,72,Y,Y,NA,NA,NA,NA,NA
526,M,1997,2017,ACTIVE,46,Y,Y,Y,829,4249,5996,5073
526,M,1997,2020,ACTIVE,49,N,N,NA,NA,NA,NA,NA
3872,M,2002,2017,ACTIVE,42,N,N,N,0,630,0,629
3872,M,2002,2020,ACTIVE,45,N,N,NA,NA,NA,NA,NA
2879,M,2001,2017,ACTIVE,59,Y,N,Y,660,937,962,1597
2879,M,2001,2020,ACTIVE,62,Y,N,NA,NA,NA,NA,NA
335,F,2005,2017,ACTIVE,33,Y,N,N,403,131,0,534
335,F,2005,2020,HOLDOVER,36,N,N,NA,NA,NA,NA,NA
4223,M,2017,2017,ACTIVE,48,Y,Y,N,559,487,78,1045
4223,M,2017,2020,ACTIVE,51,Y,Y,NA,NA,NA,NA,NA
3210,F,1982,2017,ACTIVE,58,N,N,N,44,521,213,564
3210,F,1982,2020,ACTIVE,61,N,N,NA,NA,NA,NA,NA
3336,F,1982,2017,ACTIVE,65,N,N,N,0,348,472,348
3336,F,1982,2020,ACTIVE,68,N,N,NA,NA,NA,NA,NA
2834,M,1977,2017,ACTIVE,84,N,N,N,91,75,659,165
2834,M,1977,2020,ACTIVE,87,N,N,NA,NA,NA,NA,NA
3870,M,1980,2017,ACTIVE,61,Y,N,N,150,83,136,234
3870,M,1980,2020,ACTIVE,64,N,N,NA,NA,NA,NA,NA
523,M,2000,2017,ACTIVE,55,N,N,N,10,310,234,319
523,M,2000,2020,ACTIVE,58,N,N,NA,NA,NA,NA,NA
3251,F,1998,2017,ACTIVE,44,N,N,N,0,34,0,35
3251,F,1998,2020,ACTIVE,47,N,N,NA,NA,NA,NA,NA
10,M,1993,2017,ACTIVE,71,Y,N,Y,0,884,702,885
10,M,1993,2020,ACTIVE,74,Y,N,NA,NA,NA,NA,NA
148,M,1968,2017,ACTIVE,61,N,N,N,17,69,212,87
148,M,1968,2020,HOLDOVER,64,N,N,NA,NA,NA,NA,NA
2936,F,1972,2017,ACTIVE,77,Y,N,Y,273,209,32,481
2936,F,1972,2020,ACTIVE,80,Y,N,NA,NA,NA,NA,NA
1916,M,1986,2017,ACTIVE,82,N,N,N,0,208,148,209
1916,M,1986,2020,ACTIVE,85,N,N,NA,NA,NA,NA,NA
730,F,2016,2017,ACTIVE,22,N,N,N,2,155,557,157
730,F,2016,2020,ACTIVE,25,N,N,NA,NA,NA,NA,NA
3582,M,2020,2017,ACTIVE,51,Y,Y,N,203,215,320,417
3582,M,2020,2020,ACTIVE,54,N,Y,NA,NA,NA,NA,NA
185,M,2002,2017,ACTIVE,51,Y,N,Y,331,1343,224,1674
185,M,2002,2020,ACTIVE,54,Y,N,NA,NA,NA,NA,NA
957,F,2010,2017,ACTIVE,30,N,N,N,3,66,43,69
957,F,2010,2020,ACTIVE,33,N,N,NA,NA,NA,NA,NA
3445,M,2015,2017,ACTIVE,55,N,N,Y,28,514,268,540
3445,M,2015,2020,ACTIVE,58,N,N,NA,NA,NA,NA,NA
3392,M,1983,2017,ACTIVE,49,N,N,N,0,516,268,517
3392,M,1983,2020,HOLDOVER,52,N,N,NA,NA,NA,NA,NA
1322,F,1973,2017,ACTIVE,68,Y,Y,N,58,101,418,159
1322,F,1973,2020,ACTIVE,71,Y,N,NA,NA,NA,NA,NA
3995,M,2013,2017,ACTIVE,40,Y,Y,N,1387,610,664,1996
3995,M,2013,2020,ACTIVE,43,N,Y,NA,NA,NA,NA,NA
930,F,1996,2017,ACTIVE,54,N,N,N,0,164,0,165
930,F,1996,2020,ACTIVE,57,N,N,NA,NA,NA,NA,NA
4274,M,1990,2017,ACTIVE,72,N,N,Y,71,1572,375,1644
4274,M,1990,2020,ACTIVE,75,Y,N,NA,NA,NA,NA,NA
3077,M,2006,2017,ACTIVE,54,N,N,Y,0,236,25,236
3077,M,2006,2020,ACTIVE,57,N,N,NA,NA,NA,NA,NA
3081,F,2006,2017,HOLDOVER,59,N,N,N,NA,NA,NA,NA
3081,F,2006,2020,ACTIVE,62,N,N,NA,NA,NA,NA,NA
3446,M,2019,2017,ACTIVE,56,N,Y,Y,41,1843,887,1885
3446,M,2019,2020,ACTIVE,59,N,Y,NA,NA,NA,NA,NA
3474,M,1994,2017,ACTIVE,41,N,Y,N,675,103,434,778
3474,M,1994,2020,ACTIVE,44,N,Y,NA,NA,NA,NA,NA
3004,M,1985,2017,ACTIVE,63,N,Y,Y,2037,679,964,2711
3004,M,1985,2020,ACTIVE,66,N,N,NA,NA,NA,NA,NA
259,M,2003,2017,ACTIVE,36,Y,N,N,543,217,860,759
259,M,2003,2020,HOLDOVER,39,N,N,NA,NA,NA,NA,NA
1722,F,1986,2017,ACTIVE,50,N,N,N,95,0,26,94
1722,F,1986,2020,ACTIVE,53,N,N,NA,NA,NA,NA,NA
4247,M,1950,2017,ACTIVE,82,N,N,N,0,412,337,412
4247,M,1950,2020,ACTIVE,85,N,N,NA,NA,NA,NA,NA
1134,M,2002,2017,ACTIVE,73,N,N,N,300,2010,1037,2311
1134,M,2002,2020,ACTIVE,76,N,N,NA,NA,NA,NA,NA
2,F,2010,2017,ACTIVE,26,N,N,N,0,0,139,0
2,F,2010,2020,ACTIVE,29,N,N,NA,NA,NA,NA,NA
3230,M,2003,2017,ACTIVE,38,N,N,N,343,1120,928,1462
3230,M,2003,2020,ACTIVE,41,N,N,NA,NA,NA,NA,NA
1807,F,1984,2017,ACTIVE,60,N,N,N,41,0,257,42
1807,F,1984,2020,ACTIVE,63,N,N,NA,NA,NA,NA,NA
4060,M,1999,2017,ACTIVE,40,N,N,N,2,0,0,1
4060,M,1999,2020,ACTIVE,43,N,N,NA,NA,NA,NA,NA
4053,F,1980,2017,ACTIVE,73,N,N,N,64,248,220,312
4053,F,1980,2020,ACTIVE,76,N,N,NA,NA,NA,NA,NA
1727,F,2004,2017,ACTIVE,62,Y,N,N,187,536,0,723
1727,F,2004,2020,ACTIVE,65,Y,N,NA,NA,NA,NA,NA
4196,M,1990,2017,ACTIVE,37,N,N,N,0,42,17,43
4196,M,1990,2020,ACTIVE,40,N,N,NA,NA,NA,NA,NA
3781,M,1984,2017,ACTIVE,51,N,N,N,732,238,19,970
3781,M,1984,2020,ACTIVE,54,N,N,NA,NA,NA,NA,NA
1435,M,1981,2017,ACTIVE,52,N,N,N,33,32,33,66
1435,M,1981,2020,ACTIVE,55,Y,Y,NA,NA,NA,NA,NA
804,F,2020,2017,ACTIVE,75,N,N,N,3,48,0,51
804,F,2020,2020,ACTIVE,78,Y,N,NA,NA,NA,NA,NA
3716,M,2003,2017,ACTIVE,59,N,N,Y,38,573,196,611
3716,M,2003,2020,ACTIVE,62,N,N,NA,NA,NA,NA,NA
2643,F,2008,2017,ACTIVE,57,N,N,N,0,607,152,606
2643,F,2008,2020,HOLDOVER,60,N,N,NA,NA,NA,NA,NA
1098,M,1971,2017,ACTIVE,82,N,N,Y,56,911,272,967
1098,M,1971,2020,ACTIVE,85,N,N,NA,NA,NA,NA,NA
4263,M,1993,2017,ACTIVE,50,N,N,Y,295,860,173,1156
4263,M,1993,2020,HOLDOVER,53,N,N,NA,NA,NA,NA,NA
270,F,1992,2017,ACTIVE,60,N,N,Y,84,111,334,196
270,F,1992,2020,ACTIVE,63,N,N,NA,NA,NA,NA,NA
2640,F,2004,2017,ACTIVE,87,Y,N,N,108,233,109,339
2640,F,2004,2020,ACTIVE,90,N,N,NA,NA,NA,NA,NA
1452,F,2007,2017,ACTIVE,64,N,N,Y,134,821,907,955
1452,F,2007,2020,ACTIVE,67,N,N,NA,NA,NA,NA,NA
3651,M,1992,2017,ACTIVE,65,N,N,N,56,393,26,449
3651,M,1992,2020,ACTIVE,68,N,N,NA,NA,NA,NA,NA
1589,M,1971,2017,ACTIVE,76,N,N,N,176,188,0,363
1589,M,1971,2020,ACTIVE,79,N,N,NA,NA,NA,NA,NA
4118,F,2003,2017,ACTIVE,63,N,N,N,0,0,45,0
4118,F,2003,2020,ACTIVE,66,N,N,NA,NA,NA,NA,NA
615,F,2014,2017,ACTIVE,40,Y,N,N,3,0,77,3
615,F,2014,2020,HOLDOVER,43,N,N,NA,NA,NA,NA,NA
1341,M,1987,2017,ACTIVE,55,N,N,Y,353,848,61,1200
1341,M,1987,2020,ACTIVE,58,N,N,NA,NA,NA,NA,NA
3929,M,2003,2017,ACTIVE,74,N,N,N,124,320,10,445
3929,M,2003,2020,ACTIVE,77,N,N,NA,NA,NA,NA,NA
1169,F,1982,2017,ACTIVE,50,N,N,N,45,3,0,47
1169,F,1982,2020,ACTIVE,53,N,N,NA,NA,NA,NA,NA
3036,M,2001,2017,ACTIVE,67,Y,N,N,222,19,265,242
3036,M,2001,2020,ACTIVE,70,Y,N,NA,NA,NA,NA,NA
2957,F,1995,2017,ACTIVE,62,N,N,N,0,38,0,39
2957,F,1995,2020,ACTIVE,65,N,N,NA,NA,NA,NA,NA
4148,M,2016,2017,ACTIVE,76,Y,N,N,160,155,116,315
4148,M,2016,2020,ACTIVE,79,N,N,NA,NA,NA,NA,NA
3239,M,2016,2017,ACTIVE,52,N,N,N,36,182,488,218
3239,M,2016,2020,ACTIVE,55,N,N,NA,NA,NA,NA,NA
3120,M,2009,2017,ACTIVE,56,N,N,N,388,291,897,681
3120,M,2009,2020,ACTIVE,59,N,N,NA,NA,NA,NA,NA
3497,M,1994,2017,ACTIVE,90,N,N,N,210,339,0,549
3497,M,1994,2020,ACTIVE,93,N,N,NA,NA,NA,NA,NA
1265,M,1981,2017,ACTIVE,68,Y,N,N,231,0,65,230
1265,M,1981,2020,ACTIVE,71,Y,N,NA,NA,NA,NA,NA
1934,M,2002,2017,ACTIVE,55,Y,N,Y,363,933,1868,1295
1934,M,2002,2020,ACTIVE,58,N,N,NA,NA,NA,NA,NA
4243,M,2012,2017,ACTIVE,37,N,N,N,303,200,157,505
4243,M,2012,2020,HOLDOVER,40,N,N,NA,NA,NA,NA,NA
4249,M,1969,2017,ACTIVE,71,N,N,Y,159,1828,567,1988
4249,M,1969,2020,ACTIVE,74,N,N,NA,NA,NA,NA,NA
710,M,2013,2017,ACTIVE,45,Y,N,Y,107,1082,66,1145
710,M,2013,2020,ACTIVE,48,Y,N,NA,NA,NA,NA,NA
3714,NA,2004,2017,ACTIVE,70,N,N,Y,0,109,116,109
3714,NA,2004,2020,HOLDOVER,73,N,N,NA,NA,NA,NA,NA
206,M,1997,2017,ACTIVE,48,Y,N,N,221,230,89,452
206,M,1997,2020,ACTIVE,51,Y,N,NA,NA,NA,NA,NA
4292,F,2011,2017,ACTIVE,32,Y,N,N,693,189,183,883
4292,F,2011,2020,ACTIVE,35,N,N,NA,NA,NA,NA,NA
278,M,1988,2017,ACTIVE,57,N,N,Y,6,507,516,513
278,M,1988,2020,ACTIVE,60,N,N,NA,NA,NA,NA,NA
3934,M,1984,2017,ACTIVE,76,N,N,Y,929,351,626,1279
3934,M,1984,2020,ACTIVE,79,N,N,NA,NA,NA,NA,NA
4136,M,1980,2017,HOLDOVER,53,N,N,N,NA,NA,NA,NA
4136,M,1980,2020,ACTIVE,56,N,N,NA,NA,NA,NA,NA
430,F,2006,2017,ACTIVE,30,N,N,N,72,0,0,72
430,F,2006,2020,ACTIVE,33,Y,N,NA,NA,NA,NA,NA
2550,F,2018,2017,ACTIVE,31,N,N,N,0,220,365,220
2550,F,2018,2020,ACTIVE,34,N,N,NA,NA,NA,NA,NA
1442,M,1971,2017,ACTIVE,55,Y,Y,N,29,252,222,281
1442,M,1971,2020,ACTIVE,58,Y,N,NA,NA,NA,NA,NA
4174,M,1997,2017,ACTIVE,58,Y,N,Y,10,83,111,93
4174,M,1997,2020,ACTIVE,61,Y,N,NA,NA,NA,NA,NA
76,M,2015,2017,ACTIVE,30,N,N,Y,0,594,1478,593
76,M,2015,2020,ACTIVE,33,N,N,NA,NA,NA,NA,NA
1682,M,1973,2017,ACTIVE,56,N,N,N,73,30,471,103
1682,M,1973,2020,ACTIVE,59,N,N,NA,NA,NA,NA,NA
3779,F,1975,2017,ACTIVE,78,Y,N,N,382,113,0,494
3779,F,1975,2020,ACTIVE,81,Y,N,NA,NA,NA,NA,NA
4289,M,1990,2017,ACTIVE,79,Y,Y,N,241,310,225,552
4289,M,1990,2020,ACTIVE,82,Y,Y,NA,NA,NA,NA,NA
985,M,2015,2017,ACTIVE,56,N,N,N,140,1294,797,1435
985,M,2015,2020,ACTIVE,59,N,N,NA,NA,NA,NA,NA
3144,M,2002,2017,HOLDOVER,37,N,N,N,NA,NA,NA,NA
3144,M,2002,2020,ACTIVE,40,N,N,NA,NA,NA,NA,NA
1784,M,1997,2017,ACTIVE,56,Y,Y,N,652,9,218,662
1784,M,1997,2020,ACTIVE,59,Y,Y,NA,NA,NA,NA,NA
3932,M,2001,2017,ACTIVE,36,Y,N,N,5,249,158,255
3932,M,2001,2020,HOLDOVER,39,N,N,NA,NA,NA,NA,NA
3888,M,1992,2017,HOLDOVER,50,N,N,N,NA,NA,NA,NA
3888,M,1992,2020,ACTIVE,53,N,N,NA,NA,NA,NA,NA
1464,M,1972,2017,ACTIVE,68,N,N,Y,0,418,278,418
1464,M,1972,2020,ACTIVE,71,N,N,NA,NA,NA,NA,NA
584,M,1991,2017,ACTIVE,45,N,N,N,0,119,0,119
584,M,1991,2020,HOLDOVER,48,N,N,NA,NA,NA,NA,NA
4290,M,1977,2017,ACTIVE,71,N,N,N,12,20,9,32
4290,M,1977,2020,ACTIVE,74,N,N,NA,NA,NA,NA,NA
1406,M,1992,2017,ACTIVE,73,N,N,N,52,554,140,607
1406,M,1992,2020,ACTIVE,76,N,N,NA,NA,NA,NA,NA
828,M,2003,2017,HOLDOVER,52,N,N,N,NA,NA,NA,NA
828,M,2003,2020,HOLDOVER,55,N,N,NA,NA,NA,NA,NA
3100,M,1988,2017,ACTIVE,47,Y,Y,N,187,0,109,187
3100,M,1988,2020,ACTIVE,50,Y,Y,NA,NA,NA,NA,NA
1832,F,2011,2017,HOLDOVER,31,N,N,N,NA,NA,NA,NA
1832,F,2011,2020,ACTIVE,34,N,N,NA,NA,NA,NA,NA
195,F,2020,2017,ACTIVE,46,Y,N,N,1223,487,1047,1710
195,F,2020,2020,ACTIVE,49,Y,N,NA,NA,NA,NA,NA
2503,M,2003,2017,ACTIVE,62,N,N,N,79,923,2383,1003
2503,M,2003,2020,ACTIVE,65,N,N,NA,NA,NA,NA,NA
3001,F,2003,2017,ACTIVE,26,Y,N,N,378,169,78,546
3001,F,2003,2020,ACTIVE,29,N,N,NA,NA,NA,NA,NA
698,M,1997,2017,ACTIVE,45,Y,N,N,706,0,153,705
698,M,1997,2020,ACTIVE,48,Y,N,NA,NA,NA,NA,NA
4029,M,1998,2017,ACTIVE,73,N,Y,N,107,119,466,224
4029,M,1998,2020,ACTIVE,76,N,N,NA,NA,NA,NA,NA
1405,F,2014,2017,ACTIVE,29,Y,N,N,0,103,0,103
1405,F,2014,2020,ACTIVE,32,N,N,NA,NA,NA,NA,NA
904,M,2001,2017,ACTIVE,57,N,N,Y,231,225,672,456
904,M,2001,2020,ACTIVE,60,N,N,NA,NA,NA,NA,NA
3814,M,1994,2017,ACTIVE,52,N,N,Y,224,444,230,668
3814,M,1994,2020,ACTIVE,55,N,N,NA,NA,NA,NA,NA
1249,M,2000,2017,ACTIVE,27,Y,Y,N,17,119,609,137
1249,M,2000,2020,ACTIVE,30,Y,Y,NA,NA,NA,NA,NA
2109,F,2014,2017,ACTIVE,39,Y,N,N,686,63,0,749
2109,F,2014,2020,ACTIVE,42,Y,N,NA,NA,NA,NA,NA
56,M,2019,2017,ACTIVE,48,N,N,N,274,32,22,305
56,M,2019,2020,ACTIVE,51,N,N,NA,NA,NA,NA,NA
2039,M,2013,2017,ACTIVE,25,N,N,N,0,85,215,85
2039,M,2013,2020,ACTIVE,28,Y,N,NA,NA,NA,NA,NA
860,M,1999,2017,ACTIVE,37,N,N,N,650,622,274,1272
860,M,1999,2020,ACTIVE,40,N,N,NA,NA,NA,NA,NA
1234,M,2004,2017,ACTIVE,67,N,N,Y,125,1063,134,1187
1234,M,2004,2020,ACTIVE,70,N,N,NA,NA,NA,NA,NA
1852,M,1992,2017,ACTIVE,40,Y,N,Y,22,76,194,98
1852,M,1992,2020,ACTIVE,43,N,N,NA,NA,NA,NA,NA
2679,F,2005,2017,ACTIVE,29,N,N,N,63,72,440,135
2679,F,2005,2020,ACTIVE,32,N,N,NA,NA,NA,NA,NA
982,M,1975,2017,ACTIVE,72,Y,N,N,51,231,210,280
982,M,1975,2020,ACTIVE,75,Y,N,NA,NA,NA,NA,NA
716,M,2015,2017,ACTIVE,27,N,N,N,0,40,10,40
716,M,2015,2020,ACTIVE,30,N,N,NA,NA,NA,NA,NA
3783,M,2009,2017,ACTIVE,55,N,N,Y,0,1892,462,1891
3783,M,2009,2020,ACTIVE,58,N,N,NA,NA,NA,NA,NA
2440,M,2008,2017,ACTIVE,26,Y,N,N,0,433,1653,433
2440,M,2008,2020,ACTIVE,29,Y,N,NA,NA,NA,NA,NA
2004,M,1994,2017,ACTIVE,40,Y,Y,N,226,332,109,557
2004,M,1994,2020,ACTIVE,43,Y,N,NA,NA,NA,NA,NA
2288,F,2016,2017,HOLDOVER,36,N,N,N,NA,NA,NA,NA
2288,F,2016,2020,ACTIVE,39,N,N,NA,NA,NA,NA,NA
3910,F,2019,2017,HOLDOVER,33,Y,N,N,NA,NA,NA,NA
3910,F,2019,2020,ACTIVE,36,Y,N,NA,NA,NA,NA,NA
2433,M,1997,2017,ACTIVE,71,Y,N,N,42,0,37,41
2433,M,1997,2020,ACTIVE,74,Y,N,NA,NA,NA,NA,NA
1652,F,2005,2017,HOLDOVER,31,N,N,N,NA,NA,NA,NA
1652,F,2005,2020,ACTIVE,34,Y,N,NA,NA,NA,NA,NA
4062,M,2001,2017,ACTIVE,36,N,N,N,20,101,25,121
4062,M,2001,2020,ACTIVE,39,N,N,NA,NA,NA,NA,NA
3468,M,2017,2017,ACTIVE,49,N,N,N,245,585,135,830
3468,M,2017,2020,ACTIVE,52,N,N,NA,NA,NA,NA,NA
386,M,2003,2017,ACTIVE,47,N,N,N,949,0,48,950
386,M,2003,2020,ACTIVE,50,N,N,NA,NA,NA,NA,NA
4010,F,2015,2017,ACTIVE,31,N,N,N,0,16,50,16
4010,F,2015,2020,ACTIVE,34,N,N,NA,NA,NA,NA,NA
3543,F,1974,2017,ACTIVE,67,N,N,N,76,241,172,317
3543,F,1974,2020,ACTIVE,70,N,N,NA,NA,NA,NA,NA
4124,F,2013,2017,ACTIVE,24,N,N,N,0,36,0,36
4124,F,2013,2020,ACTIVE,27,Y,Y,NA,NA,NA,NA,NA
1325,M,2012,2017,ACTIVE,28,Y,N,N,657,237,91,894
1325,M,2012,2020,ACTIVE,31,Y,N,NA,NA,NA,NA,NA
1437,F,1987,2017,ACTIVE,68,N,N,N,158,75,625,233
1437,F,1987,2020,ACTIVE,71,N,N,NA,NA,NA,NA,NA
1772,M,1989,2017,HOLDOVER,68,N,N,N,NA,NA,NA,NA
1772,M,1989,2020,ACTIVE,71,N,N,NA,NA,NA,NA,NA
303,M,2020,2017,ACTIVE,26,N,N,N,27,343,754,370
303,M,2020,2020,ACTIVE,29,Y,N,NA,NA,NA,NA,NA
2406,M,2000,2017,ACTIVE,67,N,N,N,0,603,186,603
2406,M,2000,2020,ACTIVE,70,N,N,NA,NA,NA,NA,NA
3489,M,2012,2017,ACTIVE,29,Y,Y,N,381,362,1188,744
3489,M,2012,2020,ACTIVE,32,Y,Y,NA,NA,NA,NA,NA
825,F,2017,2017,ACTIVE,65,N,N,N,0,0,80,0
825,F,2017,2020,ACTIVE,68,Y,N,NA,NA,NA,NA,NA
1946,M,1967,2017,ACTIVE,76,N,N,N,260,0,64,260
1946,M,1967,2020,ACTIVE,79,N,N,NA,NA,NA,NA,NA
2823,M,2001,2017,ACTIVE,51,N,N,N,307,690,545,994
2823,M,2001,2020,ACTIVE,54,N,N,NA,NA,NA,NA,NA
3127,F,2014,2017,ACTIVE,46,N,N,N,211,392,273,603
3127,F,2014,2020,ACTIVE,49,N,N,NA,NA,NA,NA,NA
2516,F,1992,2017,ACTIVE,54,Y,N,Y,30,232,345,261
2516,F,1992,2020,ACTIVE,57,N,N,NA,NA,NA,NA,NA
100,F,2008,2017,ACTIVE,67,N,N,N,0,0,233,0
100,F,2008,2020,ACTIVE,70,N,N,NA,NA,NA,NA,NA
1549,M,2019,2017,ACTIVE,38,N,Y,N,9,168,632,177
1549,M,2019,2020,ACTIVE,41,N,Y,NA,NA,NA,NA,NA
579,F,2014,2017,ACTIVE,58,N,N,N,98,268,495,367
579,F,2014,2020,ACTIVE,61,Y,N,NA,NA,NA,NA,NA
2400,M,1971,2017,ACTIVE,78,N,N,N,117,0,216,117
2400,M,1971,2020,ACTIVE,81,N,N,NA,NA,NA,NA,NA
337,M,1996,2017,ACTIVE,46,N,N,N,752,494,0,1246
337,M,1996,2020,HOLDOVER,49,N,N,NA,NA,NA,NA,NA
1015,M,2006,2017,ACTIVE,28,Y,N,N,173,85,386,257
1015,M,2006,2020,ACTIVE,31,Y,N,NA,NA,NA,NA,NA
3522,F,1988,2017,ACTIVE,46,Y,N,N,233,451,238,684
3522,F,1988,2020,ACTIVE,49,N,N,NA,NA,NA,NA,NA
1365,F,1998,2017,ACTIVE,36,N,N,N,248,285,201,534
1365,F,1998,2020,ACTIVE,39,N,N,NA,NA,NA,NA,NA
3673,M,2010,2017,ACTIVE,28,N,N,N,189,223,173,411
3673,M,2010,2020,ACTIVE,31,N,N,NA,NA,NA,NA,NA
3257,F,2001,2017,ACTIVE,51,Y,N,N,226,0,0,225
3257,F,2001,2020,ACTIVE,54,N,N,NA,NA,NA,NA,NA
2363,M,1986,2017,ACTIVE,75,N,N,N,158,454,1560,612
2363,M,1986,2020,ACTIVE,78,N,N,NA,NA,NA,NA,NA
2518,F,2014,2017,ACTIVE,28,N,N,N,0,320,191,320
2518,F,2014,2020,ACTIVE,31,N,N,NA,NA,NA,NA,NA
2244,M,2008,2017,ACTIVE,51,Y,Y,N,1183,290,239,1473
2244,M,2008,2020,ACTIVE,54,Y,Y,NA,NA,NA,NA,NA
45,M,2007,2017,HOLDOVER,26,N,N,N,NA,NA,NA,NA
45,M,2007,2020,HOLDOVER,29,N,N,NA,NA,NA,NA,NA
2866,F,1970,2017,ACTIVE,64,N,N,N,84,195,208,277
2866,F,1970,2020,ACTIVE,67,N,N,NA,NA,NA,NA,NA
3999,F,1998,2017,ACTIVE,66,Y,N,N,168,749,1129,916
3999,F,1998,2020,ACTIVE,69,Y,N,NA,NA,NA,NA,NA
517,M,2003,2017,ACTIVE,25,Y,Y,N,117,62,188,179
517,M,2003,2020,ACTIVE,28,Y,Y,NA,NA,NA,NA,NA
3080,M,2020,2017,ACTIVE,50,Y,Y,N,437,156,197,594
3080,M,2020,2020,ACTIVE,53,Y,N,NA,NA,NA,NA,NA
3594,M,2006,2017,ACTIVE,40,N,Y,N,574,30,114,603
3594,M,2006,2020,ACTIVE,43,N,Y,NA,NA,NA,NA,NA
3857,M,2004,2017,ACTIVE,61,Y,N,N,1175,0,823,1175
3857,M,2004,2020,ACTIVE,64,Y,N,NA,NA,NA,NA,NA
564,M,1983,2017,ACTIVE,67,Y,Y,Y,172,1080,1113,1252
564,M,1983,2020,ACTIVE,70,N,N,NA,NA,NA,NA,NA
39,M,1981,2017,HOLDOVER,63,N,N,N,NA,NA,NA,NA
39,M,1981,2020,ACTIVE,66,N,N,NA,NA,NA,NA,NA
2508,F,2017,2017,ACTIVE,30,Y,Y,N,47,113,229,160
2508,F,2017,2020,HOLDOVER,33,N,N,NA,NA,NA,NA,NA
1302,M,1991,2017,ACTIVE,53,Y,N,N,16,43,456,60
1302,M,1991,2020,ACTIVE,56,Y,N,NA,NA,NA,NA,NA
2647,F,1982,2017,ACTIVE,80,N,N,N,22,167,103,190
2647,F,1982,2020,ACTIVE,83,N,N,NA,NA,NA,NA,NA
1395,F,2005,2017,ACTIVE,65,Y,N,N,540,391,479,930
1395,F,2005,2020,ACTIVE,68,Y,N,NA,NA,NA,NA,NA
1049,M,2008,2017,ACTIVE,32,N,N,N,23,0,103,24
1049,M,2008,2020,ACTIVE,35,N,N,NA,NA,NA,NA,NA
224,F,1997,2017,ACTIVE,60,Y,N,N,119,39,0,158
224,F,1997,2020,ACTIVE,63,Y,N,NA,NA,NA,NA,NA
2237,F,2007,2017,ACTIVE,53,Y,N,N,633,145,572,780
2237,F,2007,2020,ACTIVE,56,N,N,NA,NA,NA,NA,NA
2269,M,1983,2017,ACTIVE,69,N,N,N,781,0,23,780
2269,M,1983,2020,ACTIVE,72,N,N,NA,NA,NA,NA,NA
1362,F,1994,2017,ACTIVE,47,N,N,N,474,666,125,1141
1362,F,1994,2020,ACTIVE,50,N,N,NA,NA,NA,NA,NA
2765,M,1989,2017,ACTIVE,60,Y,N,N,156,24,0,180
2765,M,1989,2020,ACTIVE,63,Y,N,NA,NA,NA,NA,NA
1465,M,2016,2017,ACTIVE,51,N,N,N,529,614,159,1143
1465,M,2016,2020,ACTIVE,54,N,N,NA,NA,NA,NA,NA
3311,M,1978,2017,ACTIVE,74,Y,N,Y,160,396,169,557
3311,M,1978,2020,ACTIVE,77,Y,N,NA,NA,NA,NA,NA
3509,M,2014,2017,ACTIVE,72,N,N,Y,0,437,2,438
3509,M,2014,2020,ACTIVE,75,N,N,NA,NA,NA,NA,NA
720,M,1975,2017,ACTIVE,71,N,N,N,11,79,192,89
720,M,1975,2020,ACTIVE,74,N,N,NA,NA,NA,NA,NA
2564,M,2012,2017,ACTIVE,38,N,Y,N,406,0,36,406
2564,M,2012,2020,ACTIVE,41,N,N,NA,NA,NA,NA,NA
2470,M,2016,2017,ACTIVE,59,Y,Y,N,229,627,908,857
2470,M,2016,2020,ACTIVE,62,Y,Y,NA,NA,NA,NA,NA
3436,M,2018,2017,ACTIVE,53,Y,N,N,34,862,404,896
3436,M,2018,2020,ACTIVE,56,Y,N,NA,NA,NA,NA,NA
2824,M,2011,2017,ACTIVE,38,Y,N,N,49,460,275,507
2824,M,2011,2020,ACTIVE,41,Y,N,NA,NA,NA,NA,NA
619,M,2006,2017,ACTIVE,59,N,N,N,716,904,75,1620
619,M,2006,2020,ACTIVE,62,N,N,NA,NA,NA,NA,NA
2257,M,1987,2017,ACTIVE,65,Y,N,N,477,62,82,539
2257,M,1987,2020,ACTIVE,68,Y,N,NA,NA,NA,NA,NA
2826,M,2000,2017,ACTIVE,62,N,N,N,58,0,166,59
2826,M,2000,2020,HOLDOVER,65,N,N,NA,NA,NA,NA,NA
1109,F,2011,2017,ACTIVE,52,N,N,N,29,750,608,779
1109,F,2011,2020,ACTIVE,55,Y,N,NA,NA,NA,NA,NA
1828,M,1973,2017,ACTIVE,70,N,N,N,113,793,694,906
1828,M,1973,2020,ACTIVE,73,Y,N,NA,NA,NA,NA,NA
3450,M,2003,2017,ACTIVE,31,N,Y,N,34,0,442,34
3450,M,2003,2020,ACTIVE,34,Y,N,NA,NA,NA,NA,NA
481,M,2012,2017,ACTIVE,36,N,Y,N,0,125,773,126
481,M,2012,2020,ACTIVE,39,N,N,NA,NA,NA,NA,NA
656,M,2006,2017,ACTIVE,24,N,N,N,0,322,3,323
656,M,2006,2020,ACTIVE,27,N,N,NA,NA,NA,NA,NA
612,M,1971,2017,ACTIVE,71,N,N,N,0,213,200,212
612,M,1971,2020,ACTIVE,74,N,N,NA,NA,NA,NA,NA
1063,M,2015,2017,ACTIVE,55,N,N,N,0,10,187,10
1063,M,2015,2020,ACTIVE,58,N,N,NA,NA,NA,NA,NA
3478,M,2008,2017,ACTIVE,23,N,N,N,0,4,0,4
3478,M,2008,2020,ACTIVE,26,N,N,NA,NA,NA,NA,NA
2174,M,2006,2017,ACTIVE,34,N,N,N,0,257,14,258
2174,M,2006,2020,ACTIVE,37,N,N,NA,NA,NA,NA,NA
1747,F,2012,2017,ACTIVE,37,N,N,N,489,552,69,1041
1747,F,2012,2020,HOLDOVER,40,N,N,NA,NA,NA,NA,NA
1702,F,2006,2017,HOLDOVER,21,N,N,N,NA,NA,NA,NA
1702,F,2006,2020,ACTIVE,24,N,N,NA,NA,NA,NA,NA
1127,M,2008,2017,ACTIVE,75,N,N,N,0,91,8,92
1127,M,2008,2020,ACTIVE,78,N,N,NA,NA,NA,NA,NA
831,M,2007,2017,HOLDOVER,29,N,N,N,NA,NA,NA,NA
831,M,2007,2020,HOLDOVER,32,N,N,NA,NA,NA,NA,NA
1182,M,2007,2017,HOLDOVER,51,N,N,N,NA,NA,NA,NA
1182,M,2007,2020,ACTIVE,54,N,N,NA,NA,NA,NA,NA
3826,M,1995,2017,ACTIVE,77,N,N,N,140,159,102,300
3826,M,1995,2020,ACTIVE,80,N,N,NA,NA,NA,NA,NA
781,F,2011,2017,ACTIVE,51,N,N,N,0,107,103,107
781,F,2011,2020,ACTIVE,54,Y,Y,NA,NA,NA,NA,NA
1123,M,1967,2017,ACTIVE,65,N,N,N,164,186,9,350
1123,M,1967,2020,ACTIVE,68,Y,N,NA,NA,NA,NA,NA
1557,M,1983,2017,ACTIVE,77,N,N,Y,0,542,437,541
1557,M,1983,2020,ACTIVE,80,N,N,NA,NA,NA,NA,NA
2415,F,2007,2017,HOLDOVER,32,N,N,N,NA,NA,NA,NA
2415,F,2007,2020,ACTIVE,35,Y,N,NA,NA,NA,NA,NA
950,M,1978,2017,ACTIVE,75,Y,N,Y,140,541,266,682
950,M,1978,2020,ACTIVE,78,Y,N,NA,NA,NA,NA,NA
1698,F,1995,2017,ACTIVE,58,N,N,N,66,0,0,67
1698,F,1995,2020,ACTIVE,61,N,N,NA,NA,NA,NA,NA
4034,F,2004,2017,ACTIVE,27,N,N,N,53,460,1205,478
4034,F,2004,2020,ACTIVE,30,N,N,NA,NA,NA,NA,NA
4188,M,2015,2017,ACTIVE,44,Y,Y,N,480,535,91,1014
4188,M,2015,2020,ACTIVE,47,Y,Y,NA,NA,NA,NA,NA
2153,F,1975,2017,ACTIVE,74,Y,N,Y,65,114,143,179
2153,F,1975,2020,ACTIVE,77,Y,N,NA,NA,NA,NA,NA
4104,M,1980,2017,ACTIVE,59,Y,N,N,223,80,43,302
4104,M,1980,2020,ACTIVE,62,N,N,NA,NA,NA,NA,NA
528,M,1997,2017,ACTIVE,56,Y,N,Y,568,1430,1382,1998
528,M,1997,2020,ACTIVE,59,Y,N,NA,NA,NA,NA,NA
4195,F,2002,2017,ACTIVE,56,N,N,N,51,35,137,86
4195,F,2002,2020,ACTIVE,59,N,N,NA,NA,NA,NA,NA
924,M,2008,2017,ACTIVE,55,Y,N,Y,10,520,162,529
924,M,2008,2020,ACTIVE,58,Y,N,NA,NA,NA,NA,NA
374,M,1995,2017,ACTIVE,56,Y,N,N,2354,278,117,2632
374,M,1995,2020,HOLDOVER,59,N,N,NA,NA,NA,NA,NA
1928,M,2011,2017,ACTIVE,49,N,N,N,3,318,161,320
1928,M,2011,2020,ACTIVE,52,N,N,NA,NA,NA,NA,NA
682,M,1996,2017,ACTIVE,71,N,N,N,0,1254,0,1254
682,M,1996,2020,ACTIVE,74,N,N,NA,NA,NA,NA,NA
3873,M,1965,2017,ACTIVE,75,N,N,N,36,0,0,36
3873,M,1965,2020,ACTIVE,78,N,N,NA,NA,NA,NA,NA
986,M,1988,2017,ACTIVE,63,N,N,Y,109,1172,908,1245
986,M,1988,2020,ACTIVE,66,N,N,NA,NA,NA,NA,NA
1326,M,1989,2017,ACTIVE,55,Y,Y,N,1563,0,180,1564
1326,M,1989,2020,ACTIVE,58,Y,Y,NA,NA,NA,NA,NA
605,M,1985,2017,ACTIVE,56,Y,N,Y,402,557,295,959
605,M,1985,2020,ACTIVE,59,N,N,NA,NA,NA,NA,NA
4268,M,2006,2017,ACTIVE,31,N,N,N,168,0,85,168
4268,M,2006,2020,ACTIVE,34,N,N,NA,NA,NA,NA,NA
503,F,2014,2017,ACTIVE,28,N,N,N,47,94,240,140
503,F,2014,2020,ACTIVE,31,N,N,NA,NA,NA,NA,NA
2768,M,1957,2017,ACTIVE,88,N,N,N,0,12,0,11
2768,M,1957,2020,ACTIVE,91,N,N,NA,NA,NA,NA,NA
3353,M,2020,2017,ACTIVE,59,N,N,N,125,338,43,462
3353,M,2020,2020,ACTIVE,62,N,N,NA,NA,NA,NA,NA
2028,M,2006,2017,ACTIVE,79,N,N,Y,6,214,450,211
2028,M,2006,2020,ACTIVE,82,N,N,NA,NA,NA,NA,NA
742,F,2001,2017,ACTIVE,34,N,N,N,85,244,222,328
742,F,2001,2020,ACTIVE,37,Y,N,NA,NA,NA,NA,NA
2941,F,1998,2017,ACTIVE,62,N,N,N,205,0,111,204
2941,F,1998,2020,ACTIVE,65,N,N,NA,NA,NA,NA,NA
1064,F,2017,2017,ACTIVE,29,Y,N,N,14,207,99,221
1064,F,2017,2020,ACTIVE,32,N,N,NA,NA,NA,NA,NA
393,M,1972,2017,ACTIVE,87,Y,N,Y,0,847,209,847
393,M,1972,2020,ACTIVE,90,Y,N,NA,NA,NA,NA,NA
680,M,2018,2017,ACTIVE,28,N,N,N,298,0,320,297
680,M,2018,2020,ACTIVE,31,N,N,NA,NA,NA,NA,NA
141,F,2000,2017,ACTIVE,34,N,Y,N,365,179,4,545
141,F,2000,2020,ACTIVE,37,N,Y,NA,NA,NA,NA,NA
856,M,1997,2017,ACTIVE,60,N,N,Y,171,852,166,1023
856,M,1997,2020,ACTIVE,63,N,N,NA,NA,NA,NA,NA
448,F,2012,2017,ACTIVE,24,N,N,N,74,302,240,375
448,F,2012,2020,ACTIVE,27,N,N,NA,NA,NA,NA,NA
2940,F,1998,2017,ACTIVE,47,Y,N,N,62,211,317,273
2940,F,1998,2020,ACTIVE,50,Y,N,NA,NA,NA,NA,NA
3155,F,1983,2017,HOLDOVER,55,N,N,N,NA,NA,NA,NA
3155,F,1983,2020,ACTIVE,58,N,N,NA,NA,NA,NA,NA
2208,M,2010,2017,ACTIVE,35,Y,N,N,638,1153,1492,1791
2208,M,2010,2020,ACTIVE,38,Y,N,NA,NA,NA,NA,NA
2898,M,1986,2017,ACTIVE,51,N,N,N,1096,127,325,1222
2898,M,1986,2020,ACTIVE,54,N,N,NA,NA,NA,NA,NA
2172,F,1989,2017,ACTIVE,71,Y,N,N,644,0,0,645
2172,F,1989,2020,ACTIVE,74,Y,N,NA,NA,NA,NA,NA
4126,F,2017,2017,ACTIVE,27,N,N,N,9,155,482,164
4126,F,2017,2020,ACTIVE,30,N,N,NA,NA,NA,NA,NA
2613,F,2019,2017,ACTIVE,42,N,N,N,259,37,92,296
2613,F,2019,2020,ACTIVE,45,N,N,NA,NA,NA,NA,NA
49,F,1990,2017,ACTIVE,47,N,N,Y,4,633,234,637
49,F,1990,2020,ACTIVE,50,N,N,NA,NA,NA,NA,NA
2077,M,2011,2017,ACTIVE,24,Y,N,N,323,0,0,323
2077,M,2011,2020,ACTIVE,27,Y,N,NA,NA,NA,NA,NA
2495,M,2006,2017,ACTIVE,60,Y,Y,Y,283,1024,492,1308
2495,M,2006,2020,ACTIVE,63,N,N,NA,NA,NA,NA,NA
2167,F,1993,2017,ACTIVE,66,Y,N,N,482,506,365,987
2167,F,1993,2020,ACTIVE,69,N,N,NA,NA,NA,NA,NA
1584,M,2000,2017,ACTIVE,56,N,N,Y,0,2547,245,2547
1584,M,2000,2020,ACTIVE,59,N,N,NA,NA,NA,NA,NA
1501,M,1985,2017,ACTIVE,42,Y,N,Y,755,644,506,1399
1501,M,1985,2020,ACTIVE,45,Y,N,NA,NA,NA,NA,NA
1553,M,2020,2017,ACTIVE,33,N,N,N,0,132,760,131
1553,M,2020,2020,ACTIVE,36,N,N,NA,NA,NA,NA,NA
848,F,1997,2017,ACTIVE,41,Y,Y,N,435,284,34,720
848,F,1997,2020,ACTIVE,44,N,Y,NA,NA,NA,NA,NA
998,F,1985,2017,ACTIVE,62,N,N,N,279,118,0,398
998,F,1985,2020,ACTIVE,65,N,N,NA,NA,NA,NA,NA
3764,M,1999,2017,ACTIVE,39,N,N,N,33,0,0,33
3764,M,1999,2020,ACTIVE,42,N,N,NA,NA,NA,NA,NA
199,M,2007,2017,ACTIVE,41,N,N,N,172,172,0,343
199,M,2007,2020,ACTIVE,44,Y,N,NA,NA,NA,NA,NA
953,M,2015,2017,ACTIVE,43,N,N,N,1267,1620,577,2880
953,M,2015,2020,ACTIVE,46,N,N,NA,NA,NA,NA,NA
1195,M,2001,2017,ACTIVE,27,Y,N,N,446,87,0,532
1195,M,2001,2020,ACTIVE,30,Y,N,NA,NA,NA,NA,NA
2829,F,1975,2017,HOLDOVER,63,N,N,N,NA,NA,NA,NA
2829,F,1975,2020,ACTIVE,66,N,N,NA,NA,NA,NA,NA
789,M,2008,2017,ACTIVE,29,N,N,N,0,250,820,251
789,M,2008,2020,ACTIVE,32,N,N,NA,NA,NA,NA,NA
912,M,1988,2017,ACTIVE,66,Y,N,N,35,48,102,84
912,M,1988,2020,ACTIVE,69,Y,N,NA,NA,NA,NA,NA
4295,M,2011,2017,ACTIVE,50,N,N,N,303,951,57,1254
4295,M,2011,2020,HOLDOVER,53,N,N,NA,NA,NA,NA,NA
1655,M,1984,2017,ACTIVE,41,N,N,N,27,0,16,26
1655,M,1984,2020,ACTIVE,44,N,N,NA,NA,NA,NA,NA
3287,M,1965,2017,ACTIVE,61,N,N,N,36,0,140,35
3287,M,1965,2020,ACTIVE,64,N,N,NA,NA,NA,NA,NA
2789,F,2010,2017,ACTIVE,58,Y,N,N,10,244,388,253
2789,F,2010,2020,ACTIVE,61,Y,N,NA,NA,NA,NA,NA
3177,M,2014,2017,ACTIVE,34,Y,N,N,452,80,56,531
3177,M,2014,2020,ACTIVE,37,N,N,NA,NA,NA,NA,NA
2383,M,1990,2017,ACTIVE,78,N,N,N,23,0,35,23
2383,M,1990,2020,ACTIVE,81,N,N,NA,NA,NA,NA,NA
2639,M,2011,2017,ACTIVE,48,Y,N,N,238,12,316,249
2639,M,2011,2020,ACTIVE,51,Y,N,NA,NA,NA,NA,NA
4157,M,1978,2017,ACTIVE,54,Y,Y,Y,96,426,336,521
4157,M,1978,2020,ACTIVE,57,Y,Y,NA,NA,NA,NA,NA
450,M,1975,2017,ACTIVE,76,N,N,Y,28,466,602,493
450,M,1975,2020,ACTIVE,79,N,N,NA,NA,NA,NA,NA
120,M,1993,2017,ACTIVE,69,N,N,Y,39,403,484,441
120,M,1993,2020,ACTIVE,72,N,N,NA,NA,NA,NA,NA
3784,M,2004,2017,ACTIVE,65,Y,N,Y,378,60,791,437
3784,M,2004,2020,ACTIVE,68,Y,N,NA,NA,NA,NA,NA
2329,M,1999,2017,ACTIVE,33,Y,N,N,120,36,54,144
2329,M,1999,2020,ACTIVE,36,N,N,NA,NA,NA,NA,NA
2134,M,2001,2017,ACTIVE,31,N,N,Y,26,223,79,250
2134,M,2001,2020,ACTIVE,34,N,N,NA,NA,NA,NA,NA
3296,M,2007,2017,ACTIVE,64,N,N,Y,92,446,329,538
3296,M,2007,2020,ACTIVE,67,Y,N,NA,NA,NA,NA,NA
357,M,1972,2017,ACTIVE,89,N,N,Y,13,1351,473,1366
357,M,1972,2020,ACTIVE,92,N,N,NA,NA,NA,NA,NA
2238,M,1989,2017,ACTIVE,47,N,N,Y,201,673,21,875
2238,M,1989,2020,ACTIVE,50,N,N,NA,NA,NA,NA,NA
1703,M,1990,2017,ACTIVE,47,N,Y,N,190,67,98,259
1703,M,1990,2020,ACTIVE,50,N,N,NA,NA,NA,NA,NA
2595,M,2002,2017,ACTIVE,62,N,N,Y,5,93,0,97
2595,M,2002,2020,ACTIVE,65,N,N,NA,NA,NA,NA,NA
261,M,1985,2017,ACTIVE,48,Y,N,N,438,179,70,600
261,M,1985,2020,ACTIVE,51,Y,N,NA,NA,NA,NA,NA
3049,F,1990,2017,ACTIVE,67,Y,N,N,341,17,160,357
3049,F,1990,2020,ACTIVE,70,Y,N,NA,NA,NA,NA,NA
1006,M,2016,2017,ACTIVE,36,N,N,N,1042,567,103,1592
1006,M,2016,2020,ACTIVE,39,N,Y,NA,NA,NA,NA,NA
2875,M,1986,2017,ACTIVE,57,Y,N,N,1624,528,436,2151
2875,M,1986,2020,ACTIVE,60,Y,N,NA,NA,NA,NA,NA
4013,F,2012,2017,ACTIVE,43,Y,N,N,4,467,0,471
4013,F,2012,2020,ACTIVE,46,N,N,NA,NA,NA,NA,NA
290,F,2009,2017,ACTIVE,36,N,Y,N,1,94,388,95
290,F,2009,2020,ACTIVE,39,N,N,NA,NA,NA,NA,NA
1075,F,1996,2017,ACTIVE,42,Y,Y,N,464,592,3965,1058
1075,F,1996,2020,ACTIVE,45,Y,Y,NA,NA,NA,NA,NA
1461,M,1978,2017,ACTIVE,51,Y,Y,N,504,341,213,844
1461,M,1978,2020,ACTIVE,54,N,N,NA,NA,NA,NA,NA
3337,M,2016,2017,ACTIVE,87,N,N,N,51,98,375,148
3337,M,2016,2020,ACTIVE,90,N,N,NA,NA,NA,NA,NA
2762,F,2007,2017,ACTIVE,72,Y,N,N,435,638,63,1074
2762,F,2007,2020,ACTIVE,75,N,N,NA,NA,NA,NA,NA
217,M,1991,2017,ACTIVE,88,N,N,Y,102,2119,2312,2220
217,M,1991,2020,ACTIVE,91,Y,N,NA,NA,NA,NA,NA
4299,F,2003,2017,ACTIVE,56,N,N,N,36,153,1009,188
4299,F,2003,2020,HOLDOVER,59,N,N,NA,NA,NA,NA,NA
1080,M,1969,2017,ACTIVE,79,N,N,N,60,0,116,60
1080,M,1969,2020,HOLDOVER,82,N,N,NA,NA,NA,NA,NA
2890,M,2009,2017,ACTIVE,59,N,N,N,0,210,915,209
2890,M,2009,2020,ACTIVE,62,N,N,NA,NA,NA,NA,NA
3799,M,2003,2017,ACTIVE,57,N,N,Y,0,1492,352,1491
3799,M,2003,2020,ACTIVE,60,N,N,NA,NA,NA,NA,NA
291,F,1970,2017,ACTIVE,65,N,N,N,0,427,148,428
291,F,1970,2020,ACTIVE,68,N,N,NA,NA,NA,NA,NA
2132,M,1993,2017,ACTIVE,68,Y,N,Y,221,1697,658,1919
2132,M,1993,2020,ACTIVE,71,N,N,NA,NA,NA,NA,NA
3071,M,1993,2017,ACTIVE,59,N,N,Y,1273,0,1032,1273
3071,M,1993,2020,ACTIVE,62,N,N,NA,NA,NA,NA,NA
1942,M,1977,2017,ACTIVE,56,N,N,N,0,21,5,21
1942,M,1977,2020,ACTIVE,59,N,N,NA,NA,NA,NA,NA
3514,M,1982,2017,ACTIVE,64,N,N,Y,218,484,140,700
3514,M,1982,2020,ACTIVE,67,N,N,NA,NA,NA,NA,NA
2227,F,1989,2017,ACTIVE,84,N,N,N,4258,563,117,4821
2227,F,1989,2020,ACTIVE,87,N,N,NA,NA,NA,NA,NA
3587,F,1985,2017,ACTIVE,51,Y,N,N,30,0,333,30
3587,F,1985,2020,ACTIVE,54,Y,N,NA,NA,NA,NA,NA
4253,M,1995,2017,ACTIVE,59,N,N,N,153,245,139,398
4253,M,1995,2020,ACTIVE,62,N,N,NA,NA,NA,NA,NA
2751,M,1976,2017,HOLDOVER,66,N,N,N,NA,NA,NA,NA
2751,M,1976,2020,ACTIVE,69,N,N,NA,NA,NA,NA,NA
791,F,1995,2017,ACTIVE,47,Y,N,N,453,150,22,603
791,F,1995,2020,ACTIVE,50,Y,N,NA,NA,NA,NA,NA
2881,M,2009,2017,ACTIVE,27,N,N,N,0,228,117,227
2881,M,2009,2020,ACTIVE,30,Y,N,NA,NA,NA,NA,NA
304,M,1995,2017,ACTIVE,72,N,N,N,144,0,11,144
304,M,1995,2020,ACTIVE,75,N,N,NA,NA,NA,NA,NA
2734,F,2009,2017,ACTIVE,27,Y,N,Y,159,199,330,357
2734,F,2009,2020,ACTIVE,30,Y,N,NA,NA,NA,NA,NA
2013,M,2018,2017,ACTIVE,55,Y,N,N,3604,355,779,3958
2013,M,2018,2020,ACTIVE,58,N,N,NA,NA,NA,NA,NA
2451,M,1979,2017,ACTIVE,75,N,N,N,147,339,690,486
2451,M,1979,2020,ACTIVE,78,N,N,NA,NA,NA,NA,NA
1555,F,1983,2017,ACTIVE,52,N,N,N,394,88,206,483
1555,F,1983,2020,ACTIVE,55,N,N,NA,NA,NA,NA,NA
896,F,2000,2017,ACTIVE,29,N,N,N,69,414,0,482
896,F,2000,2020,HOLDOVER,32,N,N,NA,NA,NA,NA,NA
218,M,2014,2017,ACTIVE,36,Y,N,N,276,114,143,359
218,M,2014,2020,HOLDOVER,39,N,N,NA,NA,NA,NA,NA
2139,M,2016,2017,ACTIVE,58,N,N,N,1,210,264,211
2139,M,2016,2020,ACTIVE,61,Y,Y,NA,NA,NA,NA,NA
2758,M,2009,2017,ACTIVE,57,N,N,N,1628,151,46,1780
2758,M,2009,2020,ACTIVE,60,N,N,NA,NA,NA,NA,NA
499,M,1967,2017,ACTIVE,80,N,N,N,0,354,291,354
499,M,1967,2020,ACTIVE,83,N,N,NA,NA,NA,NA,NA
3008,M,1984,2017,ACTIVE,87,Y,N,N,37,900,857,937
3008,M,1984,2020,ACTIVE,90,Y,N,NA,NA,NA,NA,NA
4055,M,1999,2017,ACTIVE,73,N,N,Y,283,1160,595,1443
4055,M,1999,2020,ACTIVE,76,N,N,NA,NA,NA,NA,NA
1078,F,2011,2017,ACTIVE,25,Y,N,N,857,505,323,1362
1078,F,2011,2020,ACTIVE,28,Y,N,NA,NA,NA,NA,NA
1512,M,2009,2017,ACTIVE,53,N,N,Y,197,72,158,269
1512,M,2009,2020,ACTIVE,56,N,N,NA,NA,NA,NA,NA
2008,F,2013,2017,ACTIVE,51,Y,Y,N,23,113,644,135
2008,F,2013,2020,ACTIVE,54,N,N,NA,NA,NA,NA,NA
4039,F,2007,2017,ACTIVE,57,N,N,Y,28,450,811,479
4039,F,2007,2020,ACTIVE,60,N,N,NA,NA,NA,NA,NA
4216,M,1980,2017,ACTIVE,82,Y,N,N,267,0,0,267
4216,M,1980,2020,ACTIVE,85,Y,N,NA,NA,NA,NA,NA
3927,M,2005,2017,ACTIVE,34,N,N,N,160,50,12,210
3927,M,2005,2020,ACTIVE,37,N,N,NA,NA,NA,NA,NA
2209,F,2004,2017,ACTIVE,36,Y,N,N,0,0,127,0
2209,F,2004,2020,ACTIVE,39,N,N,NA,NA,NA,NA,NA
1235,M,1969,2017,ACTIVE,72,N,N,N,0,0,16,0
1235,M,1969,2020,ACTIVE,75,N,N,NA,NA,NA,NA,NA
1336,M,1993,2017,ACTIVE,42,Y,Y,N,311,41,190,353
1336,M,1993,2020,ACTIVE,45,Y,Y,NA,NA,NA,NA,NA
646,M,2000,2017,ACTIVE,74,Y,N,N,878,0,273,879
646,M,2000,2020,ACTIVE,77,Y,N,NA,NA,NA,NA,NA
2242,F,1999,2017,ACTIVE,64,N,N,N,9,257,111,266
2242,F,1999,2020,ACTIVE,67,N,N,NA,NA,NA,NA,NA
843,F,1993,2017,ACTIVE,46,N,N,N,80,240,31,322
843,F,1993,2020,ACTIVE,49,N,N,NA,NA,NA,NA,NA
3092,M,1997,2017,ACTIVE,64,N,N,Y,490,1418,156,1907
3092,M,1997,2020,ACTIVE,67,N,N,NA,NA,NA,NA,NA
989,F,2000,2017,ACTIVE,48,Y,Y,N,911,401,0,1312
989,F,2000,2020,ACTIVE,51,N,Y,NA,NA,NA,NA,NA
524,F,1996,2017,ACTIVE,49,Y,N,N,1294,223,54,1517
524,F,1996,2020,ACTIVE,52,N,N,NA,NA,NA,NA,NA
1268,M,1986,2017,ACTIVE,66,N,N,N,26,668,97,693
1268,M,1986,2020,ACTIVE,69,N,N,NA,NA,NA,NA,NA
549,M,2019,2017,ACTIVE,49,N,N,N,151,109,237,258
549,M,2019,2020,ACTIVE,52,N,N,NA,NA,NA,NA,NA
494,M,1973,2017,ACTIVE,65,N,Y,N,481,707,482,1190
494,M,1973,2020,ACTIVE,68,N,Y,NA,NA,NA,NA,NA
4099,F,2014,2017,ACTIVE,80,Y,N,N,107,65,0,171
4099,F,2014,2020,ACTIVE,83,Y,N,NA,NA,NA,NA,NA
782,M,1971,2017,HOLDOVER,77,N,N,N,NA,NA,NA,NA
782,M,1971,2020,ACTIVE,80,N,N,NA,NA,NA,NA,NA
3146,M,2002,2017,ACTIVE,43,N,N,N,2121,499,166,2619
3146,M,2002,2020,ACTIVE,46,N,N,NA,NA,NA,NA,NA
2905,M,1987,2017,HOLDOVER,82,N,N,N,NA,NA,NA,NA
2905,M,1987,2020,ACTIVE,85,N,N,NA,NA,NA,NA,NA
1710,M,1964,2017,HOLDOVER,76,N,N,N,NA,NA,NA,NA
1710,M,1964,2020,ACTIVE,79,N,N,NA,NA,NA,NA,NA
1911,F,1981,2017,ACTIVE,49,Y,Y,N,704,375,0,1080
1911,F,1981,2020,ACTIVE,52,Y,N,NA,NA,NA,NA,NA
3148,M,1998,2017,ACTIVE,51,N,N,N,19,289,263,308
3148,M,1998,2020,ACTIVE,54,N,N,NA,NA,NA,NA,NA
256,F,2008,2017,ACTIVE,37,Y,N,N,41,132,507,174
256,F,2008,2020,ACTIVE,40,N,N,NA,NA,NA,NA,NA
1559,F,1974,2017,ACTIVE,90,N,N,Y,0,824,0,823
1559,F,1974,2020,ACTIVE,93,N,N,NA,NA,NA,NA,NA
139,M,1998,2017,ACTIVE,35,N,Y,N,103,108,144,212
139,M,1998,2020,ACTIVE,38,N,Y,NA,NA,NA,NA,NA
3819,M,1997,2017,ACTIVE,36,N,N,N,0,217,21,217
3819,M,1997,2020,ACTIVE,39,N,N,NA,NA,NA,NA,NA
81,M,2000,2017,ACTIVE,35,Y,Y,N,118,271,514,389
81,M,2000,2020,ACTIVE,38,Y,Y,NA,NA,NA,NA,NA
3124,M,2018,2017,ACTIVE,29,N,N,Y,43,640,1145,684
3124,M,2018,2020,ACTIVE,32,N,Y,NA,NA,NA,NA,NA
1139,F,1992,2017,ACTIVE,38,Y,N,Y,189,442,723,630
1139,F,1992,2020,ACTIVE,41,Y,N,NA,NA,NA,NA,NA
3632,M,1974,2017,ACTIVE,56,N,N,Y,0,1094,808,1094
3632,M,1974,2020,ACTIVE,59,N,N,NA,NA,NA,NA,NA
1831,M,1994,2017,ACTIVE,68,Y,N,N,304,329,121,634
1831,M,1994,2020,ACTIVE,71,Y,N,NA,NA,NA,NA,NA
432,M,2020,2017,HOLDOVER,53,N,N,N,NA,NA,NA,NA
432,M,2020,2020,ACTIVE,56,N,N,NA,NA,NA,NA,NA
2992,M,2018,2017,ACTIVE,59,N,Y,N,350,77,2431,427
2992,M,2018,2020,ACTIVE,62,N,Y,NA,NA,NA,NA,NA
1068,F,2005,2017,ACTIVE,27,N,N,N,66,117,287,184
1068,F,2005,2020,ACTIVE,30,Y,N,NA,NA,NA,NA,NA
1992,M,1979,2017,ACTIVE,56,N,N,N,0,488,212,487
1992,M,1979,2020,ACTIVE,59,N,N,NA,NA,NA,NA,NA
2528,M,1993,2017,ACTIVE,60,N,N,N,128,0,91,128
2528,M,1993,2020,ACTIVE,63,N,N,NA,NA,NA,NA,NA
2413,M,2002,2017,ACTIVE,71,N,N,Y,0,447,0,447
2413,M,2002,2020,ACTIVE,74,N,N,NA,NA,NA,NA,NA
1820,M,2014,2017,ACTIVE,58,N,N,N,295,156,307,451
1820,M,2014,2020,ACTIVE,61,N,N,NA,NA,NA,NA,NA
2721,M,1976,2017,ACTIVE,72,Y,N,N,419,0,93,418
2721,M,1976,2020,ACTIVE,75,Y,N,NA,NA,NA,NA,NA
2141,M,2010,2017,ACTIVE,48,N,N,N,5,230,60,235
2141,M,2010,2020,ACTIVE,51,N,N,NA,NA,NA,NA,NA
3778,M,2013,2017,HOLDOVER,23,Y,N,N,NA,NA,NA,NA
3778,M,2013,2020,ACTIVE,26,Y,N,NA,NA,NA,NA,NA
161,M,2013,2017,ACTIVE,30,Y,N,N,0,156,125,157
161,M,2013,2020,ACTIVE,33,Y,N,NA,NA,NA,NA,NA
3681,M,1975,2017,HOLDOVER,68,N,N,N,NA,NA,NA,NA
3681,M,1975,2020,ACTIVE,71,N,N,NA,NA,NA,NA,NA
2380,M,1978,2017,HOLDOVER,61,N,N,N,NA,NA,NA,NA
2380,M,1978,2020,ACTIVE,64,N,N,NA,NA,NA,NA,NA
2794,M,2012,2017,ACTIVE,26,N,N,N,152,47,50,200
2794,M,2012,2020,ACTIVE,29,N,N,NA,NA,NA,NA,NA
1233,F,1983,2017,ACTIVE,54,N,N,N,1151,401,12,1552
1233,F,1983,2020,ACTIVE,57,Y,N,NA,NA,NA,NA,NA
2474,M,1990,2017,ACTIVE,43,N,N,Y,538,1073,287,1611
2474,M,1990,2020,ACTIVE,46,N,N,NA,NA,NA,NA,NA
1311,M,1990,2017,ACTIVE,51,N,N,N,454,0,22,454
1311,M,1990,2020,ACTIVE,54,Y,N,NA,NA,NA,NA,NA
2328,M,2000,2017,ACTIVE,61,N,N,N,0,0,968,0
2328,M,2000,2020,ACTIVE,64,N,N,NA,NA,NA,NA,NA
1227,F,1977,2017,ACTIVE,80,N,N,N,0,358,777,358
1227,F,1977,2020,ACTIVE,83,N,N,NA,NA,NA,NA,NA
3853,F,1984,2017,ACTIVE,52,Y,Y,N,436,354,1248,790
3853,F,1984,2020,ACTIVE,55,Y,Y,NA,NA,NA,NA,NA
1381,M,2014,2017,ACTIVE,36,N,N,N,214,390,22,575
1381,M,2014,2020,HOLDOVER,39,N,N,NA,NA,NA,NA,NA
1471,M,1992,2017,ACTIVE,64,Y,N,N,88,917,3,1004
1471,M,1992,2020,ACTIVE,67,N,N,NA,NA,NA,NA,NA
493,M,2017,2017,ACTIVE,35,Y,Y,N,17,225,440,244
493,M,2017,2020,ACTIVE,38,N,Y,NA,NA,NA,NA,NA
696,M,2002,2017,ACTIVE,36,N,N,N,4,139,557,144
696,M,2002,2020,ACTIVE,39,N,Y,NA,NA,NA,NA,NA
2747,F,2010,2017,ACTIVE,24,Y,Y,N,186,268,291,454
2747,F,2010,2020,ACTIVE,27,Y,Y,NA,NA,NA,NA,NA
752,M,1990,2017,ACTIVE,49,N,N,N,258,1908,1990,2163
752,M,1990,2020,ACTIVE,52,N,N,NA,NA,NA,NA,NA
1711,F,2011,2017,ACTIVE,61,N,N,N,0,104,93,105
1711,F,2011,2020,ACTIVE,64,N,Y,NA,NA,NA,NA,NA
1021,F,1981,2017,ACTIVE,53,Y,N,N,64,83,0,148
1021,F,1981,2020,ACTIVE,56,Y,N,NA,NA,NA,NA,NA
2220,F,1994,2017,ACTIVE,62,N,N,N,3,437,0,441
2220,F,1994,2020,ACTIVE,65,Y,N,NA,NA,NA,NA,NA
191,F,1999,2017,ACTIVE,67,Y,N,Y,193,331,1018,523
191,F,1999,2020,ACTIVE,70,Y,N,NA,NA,NA,NA,NA
95,F,1999,2017,ACTIVE,50,N,N,N,584,111,8,694
95,F,1999,2020,ACTIVE,53,N,N,NA,NA,NA,NA,NA
3809,M,2015,2017,ACTIVE,72,Y,N,Y,114,504,509,617
3809,M,2015,2020,ACTIVE,75,N,N,NA,NA,NA,NA,NA
3371,M,2004,2017,ACTIVE,48,Y,N,Y,1434,1761,341,3194
3371,M,2004,2020,ACTIVE,51,Y,N,NA,NA,NA,NA,NA
3699,F,2000,2017,ACTIVE,42,N,N,N,36,460,14,497
3699,F,2000,2020,ACTIVE,45,N,N,NA,NA,NA,NA,NA
817,M,2006,2017,ACTIVE,56,Y,N,N,0,486,215,486
817,M,2006,2020,ACTIVE,59,Y,N,NA,NA,NA,NA,NA
2266,F,1990,2017,ACTIVE,65,Y,N,N,299,739,801,1039
2266,F,1990,2020,ACTIVE,68,Y,N,NA,NA,NA,NA,NA
292,M,1984,2017,ACTIVE,71,Y,N,N,110,1231,285,1342
292,M,1984,2020,ACTIVE,74,Y,N,NA,NA,NA,NA,NA
2725,M,2008,2017,ACTIVE,29,N,N,N,561,150,102,711
2725,M,2008,2020,ACTIVE,32,N,N,NA,NA,NA,NA,NA
2256,M,2008,2017,ACTIVE,50,N,N,N,0,30,0,30
2256,M,2008,2020,ACTIVE,53,N,N,NA,NA,NA,NA,NA
4016,M,1990,2017,ACTIVE,59,N,N,N,0,0,165,0
4016,M,1990,2020,ACTIVE,62,N,N,NA,NA,NA,NA,NA
2504,M,2015,2017,ACTIVE,40,N,N,Y,6,3665,759,3672
2504,M,2015,2020,ACTIVE,43,N,N,NA,NA,NA,NA,NA
669,M,1978,2017,ACTIVE,56,N,N,N,9,6,394,15
669,M,1978,2020,ACTIVE,59,Y,Y,NA,NA,NA,NA,NA
878,F,2002,2017,ACTIVE,65,Y,Y,N,205,64,282,268
878,F,2002,2020,ACTIVE,68,Y,Y,NA,NA,NA,NA,NA
3149,M,1977,2017,ACTIVE,69,Y,N,N,0,236,122,236
3149,M,1977,2020,ACTIVE,72,N,N,NA,NA,NA,NA,NA
2708,M,2000,2017,ACTIVE,54,Y,Y,Y,0,233,45,233
2708,M,2000,2020,ACTIVE,57,N,N,NA,NA,NA,NA,NA
4222,M,1968,2017,HOLDOVER,67,N,N,N,NA,NA,NA,NA
4222,M,1968,2020,ACTIVE,70,N,N,NA,NA,NA,NA,NA
2887,M,2013,2017,ACTIVE,66,Y,N,Y,135,203,49,337
2887,M,2013,2020,ACTIVE,69,Y,N,NA,NA,NA,NA,NA
919,F,1990,2017,ACTIVE,57,Y,N,N,101,360,78,461
919,F,1990,2020,ACTIVE,60,N,N,NA,NA,NA,NA,NA
2072,M,2001,2017,ACTIVE,66,Y,N,N,781,333,549,1114
2072,M,2001,2020,ACTIVE,69,N,N,NA,NA,NA,NA,NA
2040,M,2004,2017,ACTIVE,29,Y,Y,N,372,0,5,372
2040,M,2004,2020,ACTIVE,32,Y,N,NA,NA,NA,NA,NA
3339,M,2011,2017,ACTIVE,26,N,N,N,0,892,275,892
3339,M,2011,2020,ACTIVE,29,N,N,NA,NA,NA,NA,NA
3866,F,1976,2017,ACTIVE,98,N,N,N,0,91,334,91
3866,F,1976,2020,ACTIVE,101,N,N,NA,NA,NA,NA,NA
2126,F,1970,2017,ACTIVE,74,N,N,N,334,452,108,786
2126,F,1970,2020,ACTIVE,77,N,N,NA,NA,NA,NA,NA
1313,M,2015,2017,ACTIVE,38,Y,N,Y,942,239,1263,1181
1313,M,2015,2020,ACTIVE,41,N,N,NA,NA,NA,NA,NA
723,M,2015,2017,ACTIVE,65,N,N,N,10,3,4,11
723,M,2015,2020,ACTIVE,68,N,N,NA,NA,NA,NA,NA
1709,F,1998,2017,ACTIVE,51,Y,N,N,2,4,0,6
1709,F,1998,2020,ACTIVE,54,Y,N,NA,NA,NA,NA,NA
424,M,1990,2017,ACTIVE,64,N,N,N,324,500,45,823
424,M,1990,2020,ACTIVE,67,Y,N,NA,NA,NA,NA,NA
1149,M,1989,2017,ACTIVE,53,N,N,Y,388,733,109,1122
1149,M,1989,2020,ACTIVE,56,N,N,NA,NA,NA,NA,NA
1854,M,2017,2017,ACTIVE,69,N,N,N,10,131,132,142
1854,M,2017,2020,ACTIVE,72,N,N,NA,NA,NA,NA,NA
872,M,1975,2017,ACTIVE,57,N,N,N,4,0,0,5
872,M,1975,2020,ACTIVE,60,Y,N,NA,NA,NA,NA,NA
812,M,1974,2017,ACTIVE,78,N,N,Y,54,96,170,148
812,M,1974,2020,ACTIVE,81,N,N,NA,NA,NA,NA,NA
1922,M,1954,2017,ACTIVE,76,Y,N,N,25,101,330,127
1922,M,1954,2020,ACTIVE,79,Y,N,NA,NA,NA,NA,NA
836,M,1973,2017,ACTIVE,76,Y,Y,N,163,296,393,457
836,M,1973,2020,ACTIVE,79,Y,Y,NA,NA,NA,NA,NA
152,F,2004,2017,ACTIVE,37,Y,N,N,0,3,0,3
152,F,2004,2020,ACTIVE,40,Y,N,NA,NA,NA,NA,NA
3102,M,2013,2017,ACTIVE,69,N,N,N,498,537,921,1035
3102,M,2013,2020,ACTIVE,72,N,N,NA,NA,NA,NA,NA
3481,M,2012,2017,ACTIVE,36,N,N,N,0,45,0,45
3481,M,2012,2020,ACTIVE,39,N,N,NA,NA,NA,NA,NA
3224,M,1993,2017,ACTIVE,51,Y,Y,Y,260,684,347,944
3224,M,1993,2020,ACTIVE,54,Y,Y,NA,NA,NA,NA,NA
2082,F,1998,2017,ACTIVE,37,Y,N,N,2899,262,0,3160
2082,F,1998,2020,ACTIVE,40,Y,N,NA,NA,NA,NA,NA
2478,M,1996,2017,HOLDOVER,58,N,N,N,NA,NA,NA,NA
2478,M,1996,2020,ACTIVE,61,N,N,NA,NA,NA,NA,NA
2567,M,1975,2017,ACTIVE,79,Y,N,Y,692,3353,721,4045
2567,M,1975,2020,ACTIVE,82,Y,N,NA,NA,NA,NA,NA
993,M,1991,2017,ACTIVE,44,N,N,Y,398,412,58,811
993,M,1991,2020,ACTIVE,47,N,N,NA,NA,NA,NA,NA
3335,M,2001,2017,ACTIVE,58,N,N,Y,25,365,148,390
3335,M,2001,2020,ACTIVE,61,N,N,NA,NA,NA,NA,NA
515,M,2009,2017,ACTIVE,22,N,N,N,0,44,15,44
515,M,2009,2020,HOLDOVER,25,N,N,NA,NA,NA,NA,NA
712,M,1972,2017,ACTIVE,76,Y,N,N,989,1212,913,2202
712,M,1972,2020,ACTIVE,79,Y,N,NA,NA,NA,NA,NA
1613,F,2005,2017,ACTIVE,69,N,N,N,12,352,236,364
1613,F,2005,2020,ACTIVE,72,N,N,NA,NA,NA,NA,NA
2579,M,1980,2017,ACTIVE,80,Y,N,N,366,0,72,367
2579,M,1980,2020,ACTIVE,83,Y,N,NA,NA,NA,NA,NA
684,F,1999,2017,ACTIVE,58,Y,N,N,96,0,0,95
684,F,1999,2020,ACTIVE,61,N,N,NA,NA,NA,NA,NA
3631,F,1987,2017,ACTIVE,47,Y,N,N,1216,0,191,1216
3631,F,1987,2020,ACTIVE,50,Y,N,NA,NA,NA,NA,NA
3069,M,2005,2017,ACTIVE,55,N,N,Y,59,220,903,279
3069,M,2005,2020,ACTIVE,58,N,N,NA,NA,NA,NA,NA
665,F,2008,2017,ACTIVE,35,N,Y,Y,284,467,172,752
665,F,2008,2020,ACTIVE,38,N,N,NA,NA,NA,NA,NA
3719,M,2009,2017,ACTIVE,62,N,N,N,0,18,44,19
3719,M,2009,2020,ACTIVE,65,N,N,NA,NA,NA,NA,NA
3502,M,1975,2017,ACTIVE,77,N,N,Y,107,1749,580,1857
3502,M,1975,2020,ACTIVE,80,N,N,NA,NA,NA,NA,NA
1560,M,1990,2017,HOLDOVER,54,N,N,N,NA,NA,NA,NA
1560,M,1990,2020,ACTIVE,57,N,N,NA,NA,NA,NA,NA
667,M,1995,2017,ACTIVE,38,N,N,N,292,453,30,744
667,M,1995,2020,ACTIVE,41,N,N,NA,NA,NA,NA,NA
2706,F,2007,2017,ACTIVE,31,N,N,N,34,0,0,33
2706,F,2007,2020,ACTIVE,34,N,N,NA,NA,NA,NA,NA
668,F,1994,2017,ACTIVE,83,Y,N,Y,277,399,138,675
668,F,1994,2020,ACTIVE,86,Y,N,NA,NA,NA,NA,NA
3430,M,2009,2017,ACTIVE,31,N,Y,N,28,0,1190,29
3430,M,2009,2020,HOLDOVER,34,N,N,NA,NA,NA,NA,NA
3401,F,2001,2017,ACTIVE,59,Y,N,N,191,122,157,313
3401,F,2001,2020,ACTIVE,62,Y,N,NA,NA,NA,NA,NA
1793,M,2005,2017,ACTIVE,38,Y,N,N,52,856,2191,908
1793,M,2005,2020,ACTIVE,41,N,N,NA,NA,NA,NA,NA
3414,M,2016,2017,ACTIVE,44,N,N,N,0,203,0,203
3414,M,2016,2020,HOLDOVER,47,N,N,NA,NA,NA,NA,NA
2002,M,1993,2017,ACTIVE,51,N,N,N,18,0,0,18
2002,M,1993,2020,ACTIVE,54,N,N,NA,NA,NA,NA,NA
3220,F,1985,2017,ACTIVE,53,Y,N,N,904,50,142,952
3220,F,1985,2020,ACTIVE,56,Y,N,NA,NA,NA,NA,NA
981,M,1983,2017,ACTIVE,83,Y,N,Y,11,12,60,23
981,M,1983,2020,HOLDOVER,86,N,N,NA,NA,NA,NA,NA
2694,M,2014,2017,ACTIVE,71,N,N,N,0,816,198,804
2694,M,2014,2020,ACTIVE,74,N,N,NA,NA,NA,NA,NA
4256,M,1968,2017,ACTIVE,65,N,N,N,168,227,174,396
4256,M,1968,2020,ACTIVE,68,Y,N,NA,NA,NA,NA,NA
2369,M,1998,2017,ACTIVE,32,Y,N,N,0,201,460,201
2369,M,1998,2020,ACTIVE,35,N,N,NA,NA,NA,NA,NA
2325,M,2010,2017,ACTIVE,48,N,N,N,243,688,792,922
2325,M,2010,2020,ACTIVE,51,N,N,NA,NA,NA,NA,NA
471,M,2010,2017,ACTIVE,34,Y,N,N,33,81,307,113
471,M,2010,2020,ACTIVE,37,N,N,NA,NA,NA,NA,NA
1498,M,1997,2017,ACTIVE,59,N,N,Y,180,365,357,545
1498,M,1997,2020,ACTIVE,62,N,N,NA,NA,NA,NA,NA
2830,F,1995,2017,HOLDOVER,86,N,N,N,NA,NA,NA,NA
2830,F,1995,2020,ACTIVE,89,N,N,NA,NA,NA,NA,NA
504,F,1986,2017,ACTIVE,52,Y,Y,N,452,0,344,452
504,F,1986,2020,ACTIVE,55,Y,Y,NA,NA,NA,NA,NA
2278,M,1987,2017,ACTIVE,75,N,N,N,28,0,0,27
2278,M,1987,2020,ACTIVE,78,N,N,NA,NA,NA,NA,NA
3612,M,1983,2017,HOLDOVER,63,N,N,N,NA,NA,NA,NA
3612,M,1983,2020,ACTIVE,66,N,N,NA,NA,NA,NA,NA
378,M,1996,2017,ACTIVE,78,Y,N,N,277,403,184,680
378,M,1996,2020,ACTIVE,81,Y,N,NA,NA,NA,NA,NA
2698,M,1986,2017,ACTIVE,65,N,N,N,13,0,134,13
2698,M,1986,2020,ACTIVE,68,N,N,NA,NA,NA,NA,NA
1440,F,1995,2017,ACTIVE,81,Y,N,N,605,0,11,605
1440,F,1995,2020,ACTIVE,84,Y,N,NA,NA,NA,NA,NA
1632,M,1984,2017,ACTIVE,76,N,N,N,27,0,0,27
1632,M,1984,2020,ACTIVE,79,N,N,NA,NA,NA,NA,NA
670,M,1981,2017,ACTIVE,64,Y,Y,N,296,413,184,709
670,M,1981,2020,ACTIVE,67,Y,Y,NA,NA,NA,NA,NA
3657,M,2000,2017,ACTIVE,43,N,N,N,1057,401,459,1457
3657,M,2000,2020,ACTIVE,46,N,N,NA,NA,NA,NA,NA
201,M,1990,2017,ACTIVE,56,N,Y,N,263,72,327,335
201,M,1990,2020,ACTIVE,59,N,N,NA,NA,NA,NA,NA
3629,M,2002,2017,ACTIVE,41,N,N,N,0,0,103,0
3629,M,2002,2020,ACTIVE,44,N,N,NA,NA,NA,NA,NA
3610,M,2000,2017,ACTIVE,32,Y,Y,N,52,176,358,228
3610,M,2000,2020,ACTIVE,35,N,N,NA,NA,NA,NA,NA
2968,M,2001,2017,ACTIVE,62,N,N,N,61,858,261,917
2968,M,2001,2020,ACTIVE,65,N,N,NA,NA,NA,NA,NA
1586,F,1979,2017,ACTIVE,59,Y,N,N,158,0,350,158
1586,F,1979,2020,ACTIVE,62,Y,N,NA,NA,NA,NA,NA
1230,F,1999,2017,ACTIVE,41,N,N,Y,109,423,151,533
1230,F,1999,2020,ACTIVE,44,N,N,NA,NA,NA,NA,NA
2795,M,1993,2017,ACTIVE,57,N,N,Y,329,1825,2303,2153
2795,M,1993,2020,ACTIVE,60,N,N,NA,NA,NA,NA,NA
3745,M,1975,2017,ACTIVE,63,N,Y,Y,136,119,461,254
3745,M,1975,2020,ACTIVE,66,N,Y,NA,NA,NA,NA,NA
3464,M,1986,2017,ACTIVE,73,N,Y,Y,93,300,672,393
3464,M,1986,2020,ACTIVE,76,N,Y,NA,NA,NA,NA,NA
2216,M,1972,2017,ACTIVE,73,Y,N,N,77,0,833,78
2216,M,1972,2020,ACTIVE,76,N,N,NA,NA,NA,NA,NA
3043,M,1978,2017,ACTIVE,52,Y,Y,N,96,97,252,193
3043,M,1978,2020,ACTIVE,55,Y,Y,NA,NA,NA,NA,NA
3831,M,1980,2017,ACTIVE,62,N,N,N,0,16,0,17
3831,M,1980,2020,ACTIVE,65,Y,N,NA,NA,NA,NA,NA
2286,M,1988,2017,ACTIVE,48,N,N,N,25,1209,606,1193
2286,M,1988,2020,ACTIVE,51,N,N,NA,NA,NA,NA,NA
458,M,1996,2017,ACTIVE,62,Y,Y,N,411,809,550,1221
458,M,1996,2020,ACTIVE,65,Y,Y,NA,NA,NA,NA,NA
1636,F,2005,2017,ACTIVE,45,Y,N,N,458,42,32,500
1636,F,2005,2020,ACTIVE,48,N,N,NA,NA,NA,NA,NA
3770,M,2016,2017,ACTIVE,66,N,N,N,2,101,331,103
3770,M,2016,2020,ACTIVE,69,N,N,NA,NA,NA,NA,NA
1450,M,1976,2017,ACTIVE,78,Y,N,Y,406,1676,1662,2023
1450,M,1976,2020,ACTIVE,81,Y,N,NA,NA,NA,NA,NA
3926,M,1985,2017,ACTIVE,64,N,N,Y,374,481,2966,855
3926,M,1985,2020,ACTIVE,67,N,N,NA,NA,NA,NA,NA
3525,M,2009,2017,ACTIVE,26,Y,Y,N,150,131,298,280
3525,M,2009,2020,ACTIVE,29,Y,Y,NA,NA,NA,NA,NA
3175,M,1964,2017,HOLDOVER,75,N,N,N,NA,NA,NA,NA
3175,M,1964,2020,ACTIVE,78,Y,N,NA,NA,NA,NA,NA
3404,F,1989,2017,ACTIVE,60,N,N,Y,237,191,181,427
3404,F,1989,2020,ACTIVE,63,N,N,NA,NA,NA,NA,NA
1394,F,1984,2017,ACTIVE,53,Y,N,N,290,5,148,295
1394,F,1984,2020,ACTIVE,56,Y,N,NA,NA,NA,NA,NA
1029,F,2006,2017,ACTIVE,33,N,N,N,590,1054,324,1630
1029,F,2006,2020,ACTIVE,36,N,N,NA,NA,NA,NA,NA
3601,F,2007,2017,ACTIVE,68,Y,N,N,110,0,158,111
3601,F,2007,2020,ACTIVE,71,Y,N,NA,NA,NA,NA,NA
2511,M,1997,2017,ACTIVE,44,Y,N,Y,4589,2453,4636,7042
2511,M,1997,2020,ACTIVE,47,Y,N,NA,NA,NA,NA,NA
1500,M,2018,2017,ACTIVE,32,N,N,N,10,425,1223,434
1500,M,2018,2020,ACTIVE,35,N,N,NA,NA,NA,NA,NA
3696,F,1996,2017,ACTIVE,72,Y,N,N,162,478,608,639
3696,F,1996,2020,ACTIVE,75,Y,N,NA,NA,NA,NA,NA
2290,M,1992,2017,ACTIVE,54,N,N,Y,21,335,356,355
2290,M,1992,2020,ACTIVE,57,N,N,NA,NA,NA,NA,NA
3874,M,1997,2017,ACTIVE,33,N,N,N,21,711,421,731
3874,M,1997,2020,ACTIVE,36,N,N,NA,NA,NA,NA,NA
3165,M,1971,2017,ACTIVE,77,N,N,Y,130,202,0,332
3165,M,1971,2020,ACTIVE,80,N,N,NA,NA,NA,NA,NA
2213,M,1994,2017,ACTIVE,69,N,N,Y,755,871,301,1626
2213,M,1994,2020,ACTIVE,72,N,N,NA,NA,NA,NA,NA
1082,M,1967,2017,ACTIVE,60,N,N,N,237,77,261,312
1082,M,1967,2020,ACTIVE,63,N,N,NA,NA,NA,NA,NA
683,M,2013,2017,ACTIVE,60,N,N,N,0,0,544,0
683,M,2013,2020,ACTIVE,63,N,N,NA,NA,NA,NA,NA
3605,M,2002,2017,ACTIVE,74,N,N,N,61,0,0,61
3605,M,2002,2020,ACTIVE,77,N,N,NA,NA,NA,NA,NA
163,M,1993,2017,ACTIVE,79,N,N,Y,13,139,172,153
163,M,1993,2020,ACTIVE,82,N,N,NA,NA,NA,NA,NA
2185,F,1992,2017,ACTIVE,52,Y,N,N,65,268,493,333
2185,F,1992,2020,ACTIVE,55,Y,N,NA,NA,NA,NA,NA
2934,F,2011,2017,ACTIVE,43,N,N,Y,0,565,548,566
2934,F,2011,2020,ACTIVE,46,N,N,NA,NA,NA,NA,NA
1328,F,2012,2017,ACTIVE,61,N,N,N,0,610,674,610
1328,F,2012,2020,ACTIVE,64,N,N,NA,NA,NA,NA,NA
2225,F,2003,2017,ACTIVE,48,Y,Y,Y,832,1305,320,2139
2225,F,2003,2020,ACTIVE,51,N,N,NA,NA,NA,NA,NA
931,F,2002,2017,ACTIVE,77,N,N,N,178,215,152,393
931,F,2002,2020,ACTIVE,80,N,N,NA,NA,NA,NA,NA
3938,M,2009,2017,ACTIVE,27,Y,Y,N,62,200,0,263
3938,M,2009,2020,ACTIVE,30,Y,Y,NA,NA,NA,NA,NA
1146,M,2009,2017,ACTIVE,47,Y,N,Y,477,305,149,763
1146,M,2009,2020,ACTIVE,50,Y,N,NA,NA,NA,NA,NA
2371,F,2001,2017,ACTIVE,63,Y,N,N,57,505,1410,562
2371,F,2001,2020,HOLDOVER,66,N,N,NA,NA,NA,NA,NA
1295,M,1988,2017,ACTIVE,59,Y,N,N,164,111,556,275
1295,M,1988,2020,ACTIVE,62,Y,N,NA,NA,NA,NA,NA
2738,M,1969,2017,ACTIVE,83,Y,N,N,105,566,42,671
2738,M,1969,2020,ACTIVE,86,Y,N,NA,NA,NA,NA,NA
681,F,2008,2017,HOLDOVER,29,N,N,N,NA,NA,NA,NA
681,F,2008,2020,ACTIVE,32,N,N,NA,NA,NA,NA,NA
3082,F,1998,2017,ACTIVE,33,N,N,N,12,628,510,641
3082,F,1998,2020,ACTIVE,36,Y,N,NA,NA,NA,NA,NA
2761,M,1994,2017,ACTIVE,62,N,N,Y,0,99,26,98
2761,M,1994,2020,ACTIVE,65,N,N,NA,NA,NA,NA,NA
3634,M,2018,2017,ACTIVE,56,N,Y,Y,638,217,802,854
3634,M,2018,2020,HOLDOVER,59,N,N,NA,NA,NA,NA,NA
1118,M,2005,2017,ACTIVE,53,N,N,Y,79,622,557,702
1118,M,2005,2020,ACTIVE,56,N,N,NA,NA,NA,NA,NA
1994,F,2016,2017,ACTIVE,26,N,N,N,304,3,149,306
1994,F,2016,2020,ACTIVE,29,N,N,NA,NA,NA,NA,NA
3561,M,1979,2017,ACTIVE,79,N,N,N,150,343,0,492
3561,M,1979,2020,ACTIVE,82,N,N,NA,NA,NA,NA,NA
2444,M,2014,2017,ACTIVE,43,N,N,N,289,284,129,575
2444,M,2014,2020,ACTIVE,46,N,N,NA,NA,NA,NA,NA
2059,M,2002,2017,ACTIVE,36,N,Y,N,47,107,1526,154
2059,M,2002,2020,ACTIVE,39,N,Y,NA,NA,NA,NA,NA
3802,M,2017,2017,ACTIVE,72,Y,N,N,246,0,0,245
3802,M,2017,2020,ACTIVE,75,Y,N,NA,NA,NA,NA,NA
3912,F,1991,2017,ACTIVE,61,N,N,Y,47,790,540,837
3912,F,1991,2020,ACTIVE,64,N,N,NA,NA,NA,NA,NA
4031,F,1990,2017,ACTIVE,59,N,N,Y,17,341,134,357
4031,F,1990,2020,ACTIVE,62,Y,N,NA,NA,NA,NA,NA
3722,F,1988,2017,ACTIVE,55,N,N,Y,0,645,157,644
3722,F,1988,2020,ACTIVE,58,N,N,NA,NA,NA,NA,NA
2054,F,2001,2017,ACTIVE,64,N,N,N,69,375,233,445
2054,F,2001,2020,ACTIVE,67,N,N,NA,NA,NA,NA,NA
3064,M,1972,2017,ACTIVE,68,Y,N,N,393,509,467,901
3064,M,1972,2020,ACTIVE,71,Y,N,NA,NA,NA,NA,NA
803,M,1971,2017,ACTIVE,76,N,N,N,80,184,588,263
803,M,1971,2020,ACTIVE,79,N,N,NA,NA,NA,NA,NA
1824,M,1996,2017,ACTIVE,38,Y,N,N,232,633,0,864
1824,M,1996,2020,ACTIVE,41,N,N,NA,NA,NA,NA,NA
1673,M,2014,2017,ACTIVE,28,Y,Y,N,487,225,516,712
1673,M,2014,2020,ACTIVE,31,Y,Y,NA,NA,NA,NA,NA
649,M,1982,2017,ACTIVE,54,Y,N,N,191,0,15,192
649,M,1982,2020,ACTIVE,57,N,N,NA,NA,NA,NA,NA
633,M,2015,2017,ACTIVE,79,N,N,Y,0,382,0,382
633,M,2015,2020,ACTIVE,82,N,N,NA,NA,NA,NA,NA
1179,F,1979,2017,ACTIVE,73,N,N,N,10,353,68,363
1179,F,1979,2020,ACTIVE,76,N,N,NA,NA,NA,NA,NA
4108,F,1991,2017,ACTIVE,49,Y,N,N,761,780,48,1541
4108,F,1991,2020,ACTIVE,52,Y,N,NA,NA,NA,NA,NA
3378,M,1974,2017,ACTIVE,66,N,N,N,883,163,99,1046
3378,M,1974,2020,ACTIVE,69,N,N,NA,NA,NA,NA,NA
3180,M,1999,2017,ACTIVE,39,N,N,N,535,330,168,864
3180,M,1999,2020,ACTIVE,42,N,N,NA,NA,NA,NA,NA
387,M,1982,2017,ACTIVE,58,Y,N,N,0,90,599,90
387,M,1982,2020,ACTIVE,61,N,N,NA,NA,NA,NA,NA
348,M,2011,2017,ACTIVE,27,N,Y,N,7,131,221,137
348,M,2011,2020,ACTIVE,30,N,N,NA,NA,NA,NA,NA
211,M,1983,2017,ACTIVE,61,N,N,N,0,0,290,0
211,M,1983,2020,ACTIVE,64,N,N,NA,NA,NA,NA,NA
4100,M,2003,2017,ACTIVE,54,N,N,Y,126,313,123,438
4100,M,2003,2020,ACTIVE,57,N,N,NA,NA,NA,NA,NA
3343,M,1999,2017,ACTIVE,70,Y,N,N,342,119,104,460
3343,M,1999,2020,ACTIVE,73,N,N,NA,NA,NA,NA,NA
4226,M,1976,2017,ACTIVE,83,Y,Y,Y,150,147,82,296
4226,M,1976,2020,ACTIVE,86,Y,N,NA,NA,NA,NA,NA
2087,M,1982,2017,ACTIVE,65,N,N,N,228,1255,475,1482
2087,M,1982,2020,ACTIVE,68,N,N,NA,NA,NA,NA,NA
94,M,2015,2017,ACTIVE,42,N,N,Y,49,904,615,953
94,M,2015,2020,ACTIVE,45,N,Y,NA,NA,NA,NA,NA
3534,M,1965,2017,ACTIVE,72,Y,Y,N,3,0,563,3
3534,M,1965,2020,ACTIVE,75,Y,Y,NA,NA,NA,NA,NA
642,M,1994,2017,ACTIVE,70,N,N,Y,0,189,262,188
642,M,1994,2020,ACTIVE,73,N,N,NA,NA,NA,NA,NA
3053,F,1972,2017,HOLDOVER,66,N,N,N,NA,NA,NA,NA
3053,F,1972,2020,ACTIVE,69,N,N,NA,NA,NA,NA,NA
1912,M,1981,2017,ACTIVE,59,Y,N,N,218,0,160,218
1912,M,1981,2020,ACTIVE,62,Y,N,NA,NA,NA,NA,NA
3540,M,2019,2017,ACTIVE,52,Y,Y,N,14,873,195,886
3540,M,2019,2020,ACTIVE,55,Y,Y,NA,NA,NA,NA,NA
2277,M,2011,2017,ACTIVE,22,N,Y,N,83,201,442,283
2277,M,2011,2020,ACTIVE,25,N,N,NA,NA,NA,NA,NA
159,F,1968,2017,HOLDOVER,91,N,N,N,NA,NA,NA,NA
159,F,1968,2020,ACTIVE,94,N,N,NA,NA,NA,NA,NA
786,F,2000,2017,ACTIVE,59,N,N,Y,0,588,0,587
786,F,2000,2020,ACTIVE,62,N,N,NA,NA,NA,NA,NA
1799,M,1976,2017,ACTIVE,77,Y,N,Y,569,1969,1129,2538
1799,M,1976,2020,ACTIVE,80,Y,N,NA,NA,NA,NA,NA
2589,F,1985,2017,ACTIVE,55,Y,N,N,0,217,914,218
2589,F,1985,2020,ACTIVE,58,Y,N,NA,NA,NA,NA,NA
2608,M,1982,2017,ACTIVE,71,Y,Y,N,472,0,87,472
2608,M,1982,2020,ACTIVE,74,Y,Y,NA,NA,NA,NA,NA
3462,M,2000,2017,ACTIVE,55,N,N,N,455,883,283,1338
3462,M,2000,2020,ACTIVE,58,N,N,NA,NA,NA,NA,NA
2120,M,1979,2017,ACTIVE,88,N,N,N,126,378,443,503
2120,M,1979,2020,ACTIVE,91,N,N,NA,NA,NA,NA,NA
4135,M,1987,2017,ACTIVE,70,N,N,N,0,153,36,153
4135,M,1987,2020,ACTIVE,73,N,N,NA,NA,NA,NA,NA
2450,M,2010,2017,ACTIVE,55,Y,N,Y,353,260,1445,612
2450,M,2010,2020,ACTIVE,58,N,N,NA,NA,NA,NA,NA
1961,M,2004,2017,ACTIVE,41,N,N,N,202,950,173,1118
1961,M,2004,2020,ACTIVE,44,N,N,NA,NA,NA,NA,NA
3107,M,1990,2017,ACTIVE,49,N,N,N,0,0,7,0
3107,M,1990,2020,ACTIVE,52,N,N,NA,NA,NA,NA,NA
2556,F,2000,2017,ACTIVE,49,N,N,N,205,1048,36,1253
2556,F,2000,2020,ACTIVE,52,N,N,NA,NA,NA,NA,NA
457,M,2012,2017,ACTIVE,27,N,N,N,2,73,1206,75
457,M,2012,2020,ACTIVE,30,N,N,NA,NA,NA,NA,NA
2056,M,2001,2017,ACTIVE,75,N,N,Y,37,285,347,322
2056,M,2001,2020,ACTIVE,78,N,N,NA,NA,NA,NA,NA
151,M,1990,2017,ACTIVE,46,N,N,Y,1047,1196,138,2243
151,M,1990,2020,ACTIVE,49,N,N,NA,NA,NA,NA,NA
2862,F,1985,2017,ACTIVE,67,Y,N,N,424,0,250,425
2862,F,1985,2020,ACTIVE,70,Y,N,NA,NA,NA,NA,NA
2074,M,1989,2017,ACTIVE,48,N,Y,N,830,1126,478,1955
2074,M,1989,2020,ACTIVE,51,N,Y,NA,NA,NA,NA,NA
258,F,2010,2017,ACTIVE,28,N,N,N,146,178,95,323
258,F,2010,2020,ACTIVE,31,N,N,NA,NA,NA,NA,NA
2037,F,2016,2017,ACTIVE,47,N,N,N,515,1421,36,1935
2037,F,2016,2020,ACTIVE,50,N,N,NA,NA,NA,NA,NA
1032,M,1982,2017,ACTIVE,74,N,N,N,0,272,0,271
1032,M,1982,2020,ACTIVE,77,N,N,NA,NA,NA,NA,NA
1605,M,1967,2017,ACTIVE,68,N,N,N,0,0,56,0
1605,M,1967,2020,ACTIVE,71,N,N,NA,NA,NA,NA,NA
1251,F,2009,2017,ACTIVE,26,N,N,N,33,235,297,269
1251,F,2009,2020,ACTIVE,29,N,N,NA,NA,NA,NA,NA
2086,F,2016,2017,ACTIVE,60,Y,N,Y,33,990,297,1023
2086,F,2016,2020,ACTIVE,63,N,N,NA,NA,NA,NA,NA
613,F,2006,2017,ACTIVE,29,N,N,N,36,0,0,36
613,F,2006,2020,ACTIVE,32,Y,N,NA,NA,NA,NA,NA
3412,M,2014,2017,ACTIVE,57,N,N,N,0,399,456,398
3412,M,2014,2020,ACTIVE,60,Y,N,NA,NA,NA,NA,NA
2432,M,2002,2017,ACTIVE,40,Y,N,N,382,136,479,518
2432,M,2002,2020,ACTIVE,43,Y,N,NA,NA,NA,NA,NA
3848,F,1979,2017,ACTIVE,56,N,Y,N,202,44,104,246
3848,F,1979,2020,ACTIVE,59,N,N,NA,NA,NA,NA,NA
44,F,2008,2017,ACTIVE,28,N,N,N,117,0,220,117
44,F,2008,2020,ACTIVE,31,N,N,NA,NA,NA,NA,NA
3476,M,1973,2017,ACTIVE,63,Y,N,Y,373,763,692,1137
3476,M,1973,2020,ACTIVE,66,Y,N,NA,NA,NA,NA,NA
2727,F,1997,2017,ACTIVE,41,Y,N,N,823,0,0,823
2727,F,1997,2020,ACTIVE,44,Y,N,NA,NA,NA,NA,NA
1436,M,1998,2017,ACTIVE,43,Y,Y,N,164,727,444,809
1436,M,1998,2020,ACTIVE,46,Y,Y,NA,NA,NA,NA,NA
4238,M,1989,2017,ACTIVE,65,N,Y,Y,145,195,1770,340
4238,M,1989,2020,ACTIVE,68,N,N,NA,NA,NA,NA,NA
1738,F,1988,2017,ACTIVE,48,Y,N,Y,258,302,218,560
1738,F,1988,2020,ACTIVE,51,N,N,NA,NA,NA,NA,NA
279,F,1984,2017,ACTIVE,61,Y,N,N,1061,0,466,1061
279,F,1984,2020,ACTIVE,64,Y,N,NA,NA,NA,NA,NA
3562,M,2010,2017,ACTIVE,33,Y,Y,N,53,22,1252,75
3562,M,2010,2020,ACTIVE,36,N,N,NA,NA,NA,NA,NA
3309,M,2019,2017,ACTIVE,48,N,N,N,64,120,297,185
3309,M,2019,2020,ACTIVE,51,N,N,NA,NA,NA,NA,NA
344,M,2010,2017,ACTIVE,50,Y,N,N,946,116,987,1062
344,M,2010,2020,ACTIVE,53,N,N,NA,NA,NA,NA,NA
2067,F,2008,2017,ACTIVE,37,N,N,N,155,400,554,556
2067,F,2008,2020,ACTIVE,40,N,N,NA,NA,NA,NA,NA
855,F,1965,2017,ACTIVE,84,Y,N,Y,281,123,173,404
855,F,1965,2020,ACTIVE,87,Y,N,NA,NA,NA,NA,NA
956,M,1969,2017,ACTIVE,79,N,N,Y,319,1151,437,1471
956,M,1969,2020,ACTIVE,82,N,N,NA,NA,NA,NA,NA
3584,M,2018,2017,ACTIVE,52,N,N,N,97,324,0,420
3584,M,2018,2020,ACTIVE,55,N,N,NA,NA,NA,NA,NA
3471,F,1997,2017,ACTIVE,64,Y,N,Y,0,1026,354,1026
3471,F,1997,2020,ACTIVE,67,Y,N,NA,NA,NA,NA,NA
4093,M,1992,2017,ACTIVE,42,N,Y,Y,1920,481,79,2402
4093,M,1992,2020,ACTIVE,45,N,Y,NA,NA,NA,NA,NA
52,M,2003,2017,ACTIVE,56,Y,N,N,85,356,29,441
52,M,2003,2020,ACTIVE,59,Y,N,NA,NA,NA,NA,NA
2946,M,1992,2017,ACTIVE,39,Y,Y,N,814,217,105,1033
2946,M,1992,2020,ACTIVE,42,Y,Y,NA,NA,NA,NA,NA
2065,F,1974,2017,ACTIVE,77,N,N,N,148,75,0,223
2065,F,1974,2020,ACTIVE,80,N,N,NA,NA,NA,NA,NA
1695,M,1971,2017,ACTIVE,61,N,N,Y,0,817,99,817
1695,M,1971,2020,ACTIVE,64,N,N,NA,NA,NA,NA,NA
3740,M,2017,2017,ACTIVE,74,N,N,N,99,215,349,313
3740,M,2017,2020,ACTIVE,77,N,N,NA,NA,NA,NA,NA
3358,M,2004,2017,ACTIVE,41,N,N,N,1767,496,677,2262
3358,M,2004,2020,ACTIVE,44,N,N,NA,NA,NA,NA,NA
3271,M,2010,2017,ACTIVE,60,N,N,Y,0,270,310,271
3271,M,2010,2020,ACTIVE,63,N,N,NA,NA,NA,NA,NA
3281,M,1997,2017,ACTIVE,55,Y,N,Y,475,1377,2005,1853
3281,M,1997,2020,ACTIVE,58,Y,N,NA,NA,NA,NA,NA
3595,F,1972,2017,ACTIVE,64,N,N,N,181,0,87,182
3595,F,1972,2020,ACTIVE,67,N,N,NA,NA,NA,NA,NA
2801,M,1996,2017,ACTIVE,69,N,N,Y,7,153,307,159
2801,M,1996,2020,ACTIVE,72,N,N,NA,NA,NA,NA,NA
4114,M,2004,2017,ACTIVE,68,N,N,Y,0,278,0,277
4114,M,2004,2020,ACTIVE,71,N,N,NA,NA,NA,NA,NA
1914,M,1994,2017,ACTIVE,59,N,N,Y,310,715,1676,1025
1914,M,1994,2020,ACTIVE,62,N,N,NA,NA,NA,NA,NA
2387,F,1993,2017,ACTIVE,61,N,N,N,0,199,444,199
2387,F,1993,2020,ACTIVE,64,N,N,NA,NA,NA,NA,NA
24,M,1977,2017,ACTIVE,58,N,N,Y,56,790,339,845
24,M,1977,2020,ACTIVE,61,N,N,NA,NA,NA,NA,NA
3201,F,1984,2017,ACTIVE,45,Y,Y,N,568,629,804,1196
3201,F,1984,2020,ACTIVE,48,Y,Y,NA,NA,NA,NA,NA
48,M,1980,2017,ACTIVE,74,N,N,N,0,0,9,0
48,M,1980,2020,ACTIVE,77,Y,N,NA,NA,NA,NA,NA
877,M,1981,2017,ACTIVE,48,N,Y,N,462,233,296,696
877,M,1981,2020,ACTIVE,51,N,Y,NA,NA,NA,NA,NA
2894,M,1975,2017,ACTIVE,57,N,N,N,170,455,912,625
2894,M,1975,2020,ACTIVE,60,Y,N,NA,NA,NA,NA,NA
1669,M,2000,2017,HOLDOVER,52,N,N,N,NA,NA,NA,NA
1669,M,2000,2020,ACTIVE,55,N,N,NA,NA,NA,NA,NA
3129,M,1974,2017,ACTIVE,59,N,N,Y,117,942,250,1058
3129,M,1974,2020,ACTIVE,62,N,N,NA,NA,NA,NA,NA
879,M,2017,2017,ACTIVE,42,N,N,N,0,739,28,706
879,M,2017,2020,ACTIVE,45,Y,N,NA,NA,NA,NA,NA
4011,M,2002,2017,ACTIVE,58,N,N,Y,3,24,45,26
4011,M,2002,2020,ACTIVE,61,N,N,NA,NA,NA,NA,NA
758,F,1997,2017,ACTIVE,51,N,N,N,9,392,298,400
758,F,1997,2020,ACTIVE,54,N,N,NA,NA,NA,NA,NA
143,M,1988,2017,ACTIVE,76,N,N,N,23,0,0,23
143,M,1988,2020,ACTIVE,79,N,N,NA,NA,NA,NA,NA
2836,F,2015,2017,ACTIVE,33,Y,Y,N,109,513,226,622
2836,F,2015,2020,ACTIVE,36,Y,Y,NA,NA,NA,NA,NA
1347,F,1983,2017,ACTIVE,50,N,N,Y,668,471,252,1141
1347,F,1983,2020,ACTIVE,53,N,N,NA,NA,NA,NA,NA
3886,M,1979,2017,ACTIVE,78,Y,N,N,418,6,0,424
3886,M,1979,2020,ACTIVE,81,N,N,NA,NA,NA,NA,NA
1760,M,2003,2017,ACTIVE,52,Y,Y,Y,522,459,428,981
1760,M,2003,2020,ACTIVE,55,Y,Y,NA,NA,NA,NA,NA
1927,M,1967,2017,ACTIVE,65,Y,Y,Y,40,876,936,916
1927,M,1967,2020,ACTIVE,68,Y,Y,NA,NA,NA,NA,NA
873,M,1978,2017,ACTIVE,78,N,N,Y,55,1159,532,1213
873,M,1978,2020,ACTIVE,81,N,N,NA,NA,NA,NA,NA
693,F,1990,2017,HOLDOVER,51,N,N,N,NA,NA,NA,NA
693,F,1990,2020,ACTIVE,54,N,N,NA,NA,NA,NA,NA
544,F,1983,2017,ACTIVE,57,N,N,N,6,0,0,7
544,F,1983,2020,ACTIVE,60,N,N,NA,NA,NA,NA,NA
2888,M,2005,2017,ACTIVE,60,Y,N,Y,69,1963,383,2031
2888,M,2005,2020,ACTIVE,63,N,N,NA,NA,NA,NA,NA
1060,M,1968,2017,ACTIVE,83,Y,Y,N,890,0,112,891
1060,M,1968,2020,ACTIVE,86,Y,N,NA,NA,NA,NA,NA
2924,M,2012,2017,ACTIVE,31,N,Y,N,29,202,695,231
2924,M,2012,2020,ACTIVE,34,N,N,NA,NA,NA,NA,NA
3747,M,1996,2017,ACTIVE,48,Y,N,N,95,324,160,420
3747,M,1996,2020,ACTIVE,51,N,N,NA,NA,NA,NA,NA
2222,F,1988,2017,ACTIVE,77,N,N,N,0,0,91,0
2222,F,1988,2020,HOLDOVER,80,N,N,NA,NA,NA,NA,NA
3608,M,2011,2017,ACTIVE,25,N,N,N,76,384,76,460
3608,M,2011,2020,ACTIVE,28,N,N,NA,NA,NA,NA,NA
3511,M,1974,2017,ACTIVE,73,Y,N,N,2,0,35,1
3511,M,1974,2020,ACTIVE,76,N,N,NA,NA,NA,NA,NA
2494,M,1961,2017,ACTIVE,88,N,N,Y,141,371,525,512
2494,M,1961,2020,ACTIVE,91,N,N,NA,NA,NA,NA,NA
2626,F,1974,2017,ACTIVE,76,Y,N,N,52,940,1547,993
2626,F,1974,2020,ACTIVE,79,N,N,NA,NA,NA,NA,NA
2489,F,2015,2017,ACTIVE,64,N,N,N,0,562,59,563
2489,F,2015,2020,HOLDOVER,67,N,N,NA,NA,NA,NA,NA
3839,F,1985,2017,ACTIVE,73,N,N,N,0,27,31,27
3839,F,1985,2020,ACTIVE,76,N,N,NA,NA,NA,NA,NA
537,M,1973,2017,HOLDOVER,90,N,N,N,NA,NA,NA,NA
537,M,1973,2020,ACTIVE,93,N,N,NA,NA,NA,NA,NA
1213,F,2000,2017,ACTIVE,42,N,N,N,437,344,122,780
1213,F,2000,2020,ACTIVE,45,N,N,NA,NA,NA,NA,NA
3937,F,1976,2017,ACTIVE,55,N,N,Y,0,1802,63,1801
3937,F,1976,2020,ACTIVE,58,N,N,NA,NA,NA,NA,NA
1136,M,2000,2017,ACTIVE,33,N,N,N,80,149,206,230
1136,M,2000,2020,HOLDOVER,36,N,N,NA,NA,NA,NA,NA
3035,M,2002,2017,ACTIVE,25,Y,N,N,1401,11,378,1411
3035,M,2002,2020,ACTIVE,28,Y,N,NA,NA,NA,NA,NA
1990,M,1974,2017,ACTIVE,72,Y,Y,N,134,0,0,135
1990,M,1974,2020,ACTIVE,75,Y,N,NA,NA,NA,NA,NA
1400,F,2008,2017,ACTIVE,29,N,N,N,30,7,441,38
1400,F,2008,2020,ACTIVE,32,N,N,NA,NA,NA,NA,NA
4291,M,2014,2017,ACTIVE,48,N,N,Y,1974,4180,1162,6154
4291,M,2014,2020,ACTIVE,51,N,N,NA,NA,NA,NA,NA
1881,M,1972,2017,ACTIVE,60,N,Y,N,8,433,208,440
1881,M,1972,2020,ACTIVE,63,N,Y,NA,NA,NA,NA,NA
1017,M,2000,2017,ACTIVE,47,N,Y,N,2074,921,945,2995
1017,M,2000,2020,ACTIVE,50,Y,Y,NA,NA,NA,NA,NA
4206,M,1973,2017,ACTIVE,57,N,N,Y,169,931,1687,1100
4206,M,1973,2020,ACTIVE,60,Y,N,NA,NA,NA,NA,NA
1256,M,2011,2017,ACTIVE,26,N,N,N,57,23,691,80
1256,M,2011,2020,ACTIVE,29,Y,N,NA,NA,NA,NA,NA
1023,M,2006,2017,ACTIVE,34,N,Y,N,567,262,629,830
1023,M,2006,2020,ACTIVE,37,Y,N,NA,NA,NA,NA,NA
1603,F,2016,2017,ACTIVE,54,Y,N,N,146,387,336,531
1603,F,2016,2020,ACTIVE,57,N,N,NA,NA,NA,NA,NA
2592,M,2010,2017,ACTIVE,50,Y,N,N,1421,1310,1848,2730
2592,M,2010,2020,ACTIVE,53,N,N,NA,NA,NA,NA,NA
2685,F,1995,2017,ACTIVE,42,N,N,N,192,475,167,668
2685,F,1995,2020,ACTIVE,45,N,N,NA,NA,NA,NA,NA
1143,M,1991,2017,ACTIVE,41,Y,Y,N,367,423,114,773
1143,M,1991,2020,ACTIVE,44,Y,Y,NA,NA,NA,NA,NA
1547,F,1993,2017,ACTIVE,68,N,N,N,0,520,81,519
1547,F,1993,2020,ACTIVE,71,N,N,NA,NA,NA,NA,NA
2129,M,1993,2017,ACTIVE,60,N,N,N,9,746,1295,755
2129,M,1993,2020,ACTIVE,63,N,N,NA,NA,NA,NA,NA
456,M,1974,2017,ACTIVE,71,N,N,Y,15,374,159,389
456,M,1974,2020,ACTIVE,74,N,N,NA,NA,NA,NA,NA
2492,F,2000,2017,ACTIVE,36,Y,N,N,203,111,0,314
2492,F,2000,2020,ACTIVE,39,N,N,NA,NA,NA,NA,NA
2614,M,2015,2017,ACTIVE,67,N,N,Y,87,147,1057,235
2614,M,2015,2020,ACTIVE,70,N,N,NA,NA,NA,NA,NA
1665,M,2007,2017,ACTIVE,64,N,N,N,0,53,79,53
1665,M,2007,2020,ACTIVE,67,N,N,NA,NA,NA,NA,NA
988,M,2009,2017,ACTIVE,66,Y,N,Y,31,1452,370,1483
988,M,2009,2020,ACTIVE,69,Y,N,NA,NA,NA,NA,NA
839,M,1975,2017,ACTIVE,52,N,N,Y,41,246,252,286
839,M,1975,2020,ACTIVE,55,N,N,NA,NA,NA,NA,NA
3950,M,1998,2017,ACTIVE,61,Y,N,N,714,0,0,714
3950,M,1998,2020,ACTIVE,64,Y,N,NA,NA,NA,NA,NA
2210,M,1999,2017,ACTIVE,51,N,Y,N,31,752,18,784
2210,M,1999,2020,ACTIVE,54,N,N,NA,NA,NA,NA,NA
88,F,1987,2017,ACTIVE,91,Y,N,N,115,8,562,122
88,F,1987,2020,ACTIVE,94,N,N,NA,NA,NA,NA,NA
3045,M,1973,2017,ACTIVE,79,Y,N,N,204,193,105,397
3045,M,1973,2020,ACTIVE,82,Y,N,NA,NA,NA,NA,NA
16,F,2004,2017,ACTIVE,40,N,N,N,387,746,0,1133
16,F,2004,2020,ACTIVE,43,N,N,NA,NA,NA,NA,NA
2512,M,2018,2017,ACTIVE,76,N,N,N,0,970,0,971
2512,M,2018,2020,ACTIVE,79,N,N,NA,NA,NA,NA,NA
3178,M,1991,2017,ACTIVE,41,N,N,N,434,17,10,450
3178,M,1991,2020,ACTIVE,44,Y,N,NA,NA,NA,NA,NA
1886,M,1961,2017,ACTIVE,72,N,Y,Y,0,1091,455,1091
1886,M,1961,2020,ACTIVE,75,N,N,NA,NA,NA,NA,NA
3283,M,2008,2017,HOLDOVER,24,N,N,N,NA,NA,NA,NA
3283,M,2008,2020,ACTIVE,27,N,N,NA,NA,NA,NA,NA
1316,F,2020,2017,ACTIVE,60,N,N,N,91,453,613,545
1316,F,2020,2020,HOLDOVER,63,N,N,NA,NA,NA,NA,NA
3172,M,2017,2017,ACTIVE,37,Y,N,N,26,601,675,628
3172,M,2017,2020,ACTIVE,40,Y,N,NA,NA,NA,NA,NA
331,M,1985,2017,ACTIVE,57,N,N,Y,28,307,303,335
331,M,1985,2020,ACTIVE,60,N,N,NA,NA,NA,NA,NA
3247,M,2012,2017,ACTIVE,50,N,N,Y,46,692,284,739
3247,M,2012,2020,ACTIVE,53,N,Y,NA,NA,NA,NA,NA
1531,M,1977,2017,ACTIVE,61,N,Y,N,724,3,69,726
1531,M,1977,2020,ACTIVE,64,Y,N,NA,NA,NA,NA,NA
4207,M,2006,2017,ACTIVE,58,N,N,Y,26,262,249,287
4207,M,2006,2020,ACTIVE,61,N,N,NA,NA,NA,NA,NA
1811,M,1971,2017,ACTIVE,73,Y,N,N,7,193,1041,199
1811,M,1971,2020,ACTIVE,76,Y,N,NA,NA,NA,NA,NA
793,M,1978,2017,ACTIVE,68,N,N,N,227,840,144,1068
793,M,1978,2020,ACTIVE,71,N,N,NA,NA,NA,NA,NA
1258,M,2009,2017,ACTIVE,56,N,N,N,158,1022,850,1179
1258,M,2009,2020,ACTIVE,59,N,N,NA,NA,NA,NA,NA
3501,M,2016,2017,ACTIVE,74,N,N,Y,349,1443,1366,1792
3501,M,2016,2020,ACTIVE,77,N,N,NA,NA,NA,NA,NA
3947,F,1990,2017,ACTIVE,39,N,Y,N,303,155,94,458
3947,F,1990,2020,ACTIVE,42,N,Y,NA,NA,NA,NA,NA
2977,M,1981,2017,ACTIVE,76,N,Y,N,9,475,416,483
2977,M,1981,2020,ACTIVE,79,N,Y,NA,NA,NA,NA,NA
3236,M,1967,2017,ACTIVE,62,N,N,Y,124,1673,686,1784
3236,M,1967,2020,ACTIVE,65,N,N,NA,NA,NA,NA,NA
2175,M,2010,2017,ACTIVE,35,N,N,N,266,321,94,588
2175,M,2010,2020,ACTIVE,38,N,N,NA,NA,NA,NA,NA
487,M,1997,2017,ACTIVE,57,N,N,N,0,0,13,0
487,M,1997,2020,ACTIVE,60,Y,N,NA,NA,NA,NA,NA
2670,M,1978,2017,ACTIVE,61,Y,N,Y,490,238,40,727
2670,M,1978,2020,ACTIVE,64,Y,N,NA,NA,NA,NA,NA
2041,M,2011,2017,ACTIVE,28,Y,N,N,83,336,190,419
2041,M,2011,2020,ACTIVE,31,Y,N,NA,NA,NA,NA,NA
3381,M,1994,2017,ACTIVE,46,Y,Y,Y,352,550,254,903
3381,M,1994,2020,ACTIVE,49,Y,Y,NA,NA,NA,NA,NA
3949,F,1997,2017,ACTIVE,46,Y,N,Y,742,459,525,1200
3949,F,1997,2020,ACTIVE,49,N,N,NA,NA,NA,NA,NA
4239,M,1983,2017,ACTIVE,76,Y,N,N,29,1055,84,1070
4239,M,1983,2020,ACTIVE,79,Y,N,NA,NA,NA,NA,NA
207,M,2006,2017,ACTIVE,28,N,Y,N,266,228,2,494
207,M,2006,2020,ACTIVE,31,Y,N,NA,NA,NA,NA,NA
1271,F,1999,2017,ACTIVE,54,Y,N,N,63,0,576,63
1271,F,1999,2020,ACTIVE,57,Y,N,NA,NA,NA,NA,NA
413,F,2002,2017,ACTIVE,42,Y,N,N,1684,43,250,1728
413,F,2002,2020,ACTIVE,45,Y,N,NA,NA,NA,NA,NA
1099,M,2011,2017,ACTIVE,47,N,N,N,0,91,44,90
1099,M,2011,2020,ACTIVE,50,N,N,NA,NA,NA,NA,NA
1782,F,1971,2017,ACTIVE,91,N,N,N,296,167,211,464
1782,F,1971,2020,ACTIVE,94,N,N,NA,NA,NA,NA,NA
3352,M,1997,2017,ACTIVE,50,Y,N,N,366,276,44,642
3352,M,1997,2020,ACTIVE,53,N,N,NA,NA,NA,NA,NA
4084,F,2001,2017,ACTIVE,30,Y,N,N,1574,192,769,1766
4084,F,2001,2020,ACTIVE,33,Y,N,NA,NA,NA,NA,NA
2103,M,1971,2017,ACTIVE,73,N,N,N,0,289,138,289
2103,M,1971,2020,ACTIVE,76,N,N,NA,NA,NA,NA,NA
2723,M,1965,2017,ACTIVE,77,N,N,N,0,214,0,214
2723,M,1965,2020,ACTIVE,80,N,N,NA,NA,NA,NA,NA
4233,M,1985,2017,ACTIVE,76,N,N,N,0,0,166,0
4233,M,1985,2020,ACTIVE,79,N,N,NA,NA,NA,NA,NA
3924,F,2000,2017,ACTIVE,50,N,N,N,334,0,0,334
3924,F,2000,2020,ACTIVE,53,N,N,NA,NA,NA,NA,NA
134,F,1983,2017,ACTIVE,56,Y,N,N,316,543,412,859
134,F,1983,2020,ACTIVE,59,Y,N,NA,NA,NA,NA,NA
2804,M,2015,2017,ACTIVE,26,N,N,N,152,315,273,467
2804,M,2015,2020,ACTIVE,29,Y,N,NA,NA,NA,NA,NA
409,F,2011,2017,ACTIVE,22,Y,N,N,3,87,318,90
409,F,2011,2020,ACTIVE,25,N,N,NA,NA,NA,NA,NA
1851,F,2001,2017,ACTIVE,54,Y,N,Y,854,653,0,1508
1851,F,2001,2020,ACTIVE,57,N,N,NA,NA,NA,NA,NA
588,F,2000,2017,ACTIVE,36,Y,Y,N,1718,362,164,2079
588,F,2000,2020,ACTIVE,39,Y,Y,NA,NA,NA,NA,NA
3289,F,1994,2017,ACTIVE,42,Y,N,N,783,448,56,1232
3289,F,1994,2020,HOLDOVER,45,N,N,NA,NA,NA,NA,NA
3970,M,1994,2017,HOLDOVER,67,N,N,N,NA,NA,NA,NA
3970,M,1994,2020,ACTIVE,70,N,N,NA,NA,NA,NA,NA
577,M,2014,2017,ACTIVE,50,Y,N,N,803,0,10,802
577,M,2014,2020,ACTIVE,53,Y,N,NA,NA,NA,NA,NA
2994,M,2008,2017,ACTIVE,73,N,N,Y,512,249,243,759
2994,M,2008,2020,ACTIVE,76,N,N,NA,NA,NA,NA,NA
3570,F,2014,2017,ACTIVE,31,N,Y,N,55,95,307,151
3570,F,2014,2020,ACTIVE,34,N,Y,NA,NA,NA,NA,NA
2310,M,2006,2017,ACTIVE,51,N,N,N,129,191,0,320
2310,M,2006,2020,ACTIVE,54,N,N,NA,NA,NA,NA,NA
3243,M,1977,2017,ACTIVE,74,Y,N,N,650,203,0,852
3243,M,1977,2020,ACTIVE,77,Y,N,NA,NA,NA,NA,NA
242,F,1996,2017,ACTIVE,54,Y,N,N,53,485,807,538
242,F,1996,2020,ACTIVE,57,Y,N,NA,NA,NA,NA,NA
3111,F,2001,2017,ACTIVE,60,N,N,Y,38,765,312,790
3111,F,2001,2020,ACTIVE,63,N,N,NA,NA,NA,NA,NA
277,F,1984,2017,ACTIVE,55,N,N,N,67,1065,2500,1132
277,F,1984,2020,ACTIVE,58,Y,Y,NA,NA,NA,NA,NA
2669,F,2008,2017,HOLDOVER,35,N,N,N,NA,NA,NA,NA
2669,F,2008,2020,ACTIVE,38,Y,N,NA,NA,NA,NA,NA
51,M,1978,2017,ACTIVE,67,Y,Y,N,17,2,39,19
51,M,1978,2020,ACTIVE,70,Y,N,NA,NA,NA,NA,NA
1079,F,1993,2017,ACTIVE,82,Y,N,N,280,621,294,900
1079,F,1993,2020,ACTIVE,85,N,N,NA,NA,NA,NA,NA
3694,M,1989,2017,ACTIVE,63,Y,N,N,107,52,69,158
3694,M,1989,2020,ACTIVE,66,Y,N,NA,NA,NA,NA,NA
3467,M,1984,2017,ACTIVE,62,Y,N,Y,12,437,1143,448
3467,M,1984,2020,ACTIVE,65,Y,Y,NA,NA,NA,NA,NA
1634,M,1989,2017,ACTIVE,59,N,N,N,56,325,360,381
1634,M,1989,2020,ACTIVE,62,Y,N,NA,NA,NA,NA,NA
2463,F,2013,2017,ACTIVE,44,Y,Y,Y,3991,3125,2326,7109
2463,F,2013,2020,ACTIVE,47,Y,Y,NA,NA,NA,NA,NA
2656,M,1998,2017,ACTIVE,53,Y,N,N,914,0,111,913
2656,M,1998,2020,ACTIVE,56,Y,N,NA,NA,NA,NA,NA
3754,M,2012,2017,ACTIVE,37,N,Y,N,35,391,345,425
3754,M,2012,2020,ACTIVE,40,N,Y,NA,NA,NA,NA,NA
535,M,1972,2017,ACTIVE,86,Y,N,Y,74,136,75,210
535,M,1972,2020,ACTIVE,89,Y,N,NA,NA,NA,NA,NA
1758,M,2000,2017,ACTIVE,43,Y,N,N,377,229,252,513
1758,M,2000,2020,ACTIVE,46,Y,N,NA,NA,NA,NA,NA
2641,M,2018,2017,ACTIVE,80,N,N,Y,98,635,256,732
2641,M,2018,2020,ACTIVE,83,N,N,NA,NA,NA,NA,NA
466,M,1987,2017,ACTIVE,63,N,N,N,110,105,342,214
466,M,1987,2020,ACTIVE,66,N,N,NA,NA,NA,NA,NA
2211,M,2015,2017,ACTIVE,38,Y,N,N,1486,546,163,2028
2211,M,2015,2020,ACTIVE,41,Y,N,NA,NA,NA,NA,NA
866,M,1983,2017,ACTIVE,65,N,N,N,45,911,721,955
866,M,1983,2020,ACTIVE,68,Y,Y,NA,NA,NA,NA,NA
1956,M,1982,2017,ACTIVE,54,N,N,Y,21,344,3867,365
1956,M,1982,2020,HOLDOVER,57,N,N,NA,NA,NA,NA,NA
452,F,1999,2017,ACTIVE,52,Y,Y,N,264,144,1103,408
452,F,1999,2020,ACTIVE,55,N,N,NA,NA,NA,NA,NA
4006,M,1973,2017,ACTIVE,65,N,N,N,45,489,447,533
4006,M,1973,2020,ACTIVE,68,N,N,NA,NA,NA,NA,NA
3613,M,1972,2017,ACTIVE,67,N,Y,N,0,300,347,301
3613,M,1972,2020,ACTIVE,70,N,Y,NA,NA,NA,NA,NA
3537,M,1992,2017,ACTIVE,45,N,N,N,631,332,489,964
3537,M,1992,2020,ACTIVE,48,N,N,NA,NA,NA,NA,NA
3187,M,1997,2017,ACTIVE,26,N,Y,N,36,20,70,56
3187,M,1997,2020,HOLDOVER,29,N,N,NA,NA,NA,NA,NA
3359,F,2016,2017,ACTIVE,53,Y,N,Y,242,161,189,403
3359,F,2016,2020,ACTIVE,56,N,N,NA,NA,NA,NA,NA
2374,M,2010,2017,ACTIVE,56,N,N,Y,117,310,645,425
2374,M,2010,2020,ACTIVE,59,N,N,NA,NA,NA,NA,NA
755,M,2009,2017,ACTIVE,53,N,N,Y,71,1738,420,1810
755,M,2009,2020,ACTIVE,56,N,N,NA,NA,NA,NA,NA
2507,M,1962,2017,ACTIVE,78,N,N,N,72,1349,94,1421
2507,M,1962,2020,ACTIVE,81,N,N,NA,NA,NA,NA,NA
2748,M,2009,2017,ACTIVE,72,N,N,N,368,0,95,368
2748,M,2009,2020,ACTIVE,75,N,N,NA,NA,NA,NA,NA
3835,M,1976,2017,ACTIVE,59,N,N,N,0,0,374,0
3835,M,1976,2020,ACTIVE,62,N,N,NA,NA,NA,NA,NA
4025,F,2006,2017,ACTIVE,28,N,N,N,0,84,904,83
4025,F,2006,2020,ACTIVE,31,N,N,NA,NA,NA,NA,NA
1573,M,1968,2017,HOLDOVER,70,N,N,N,NA,NA,NA,NA
1573,M,1968,2020,ACTIVE,73,N,N,NA,NA,NA,NA,NA
1243,M,1990,2017,ACTIVE,36,Y,Y,N,366,469,225,836
1243,M,1990,2020,ACTIVE,39,Y,N,NA,NA,NA,NA,NA
4178,F,1972,2017,ACTIVE,90,N,N,N,18,247,447,265
4178,F,1972,2020,ACTIVE,93,N,N,NA,NA,NA,NA,NA
229,M,1995,2017,ACTIVE,54,N,N,N,31,121,200,152
229,M,1995,2020,ACTIVE,57,N,N,NA,NA,NA,NA,NA
1372,M,1972,2017,HOLDOVER,75,N,N,N,NA,NA,NA,NA
1372,M,1972,2020,ACTIVE,78,N,N,NA,NA,NA,NA,NA
445,M,1979,2017,ACTIVE,53,Y,Y,N,250,245,27,496
445,M,1979,2020,ACTIVE,56,N,N,NA,NA,NA,NA,NA
3578,M,1986,2017,ACTIVE,38,Y,N,N,0,211,74,211
3578,M,1986,2020,ACTIVE,41,Y,N,NA,NA,NA,NA,NA
1401,M,2019,2017,ACTIVE,45,N,N,N,539,895,26,1434
1401,M,2019,2020,ACTIVE,48,N,N,NA,NA,NA,NA,NA
4023,M,1982,2017,ACTIVE,58,N,Y,Y,176,390,3970,566
4023,M,1982,2020,ACTIVE,61,N,Y,NA,NA,NA,NA,NA
3225,M,1962,2017,ACTIVE,91,N,N,N,0,224,0,225
3225,M,1962,2020,ACTIVE,94,N,N,NA,NA,NA,NA,NA
620,F,1985,2017,ACTIVE,63,N,N,N,489,76,568,566
620,F,1985,2020,ACTIVE,66,Y,N,NA,NA,NA,NA,NA
3158,M,2005,2017,ACTIVE,55,Y,Y,N,91,52,7,143
3158,M,2005,2020,ACTIVE,58,N,N,NA,NA,NA,NA,NA
3294,M,1980,2017,ACTIVE,77,Y,N,N,226,91,250,317
3294,M,1980,2020,ACTIVE,80,Y,N,NA,NA,NA,NA,NA
2291,M,2012,2017,ACTIVE,70,N,N,N,11,137,467,148
2291,M,2012,2020,ACTIVE,73,N,N,NA,NA,NA,NA,NA
1425,M,1999,2017,ACTIVE,65,N,Y,Y,439,407,341,846
1425,M,1999,2020,ACTIVE,68,Y,N,NA,NA,NA,NA,NA
1906,F,1978,2017,ACTIVE,63,N,N,N,34,0,49,33
1906,F,1978,2020,ACTIVE,66,N,N,NA,NA,NA,NA,NA
243,M,1976,2017,ACTIVE,74,Y,Y,N,241,610,728,852
243,M,1976,2020,ACTIVE,77,Y,Y,NA,NA,NA,NA,NA
3068,F,2001,2017,ACTIVE,37,N,N,N,0,114,79,114
3068,F,2001,2020,ACTIVE,40,N,N,NA,NA,NA,NA,NA
1862,M,1983,2017,ACTIVE,72,Y,N,Y,39,568,153,606
1862,M,1983,2020,ACTIVE,75,N,N,NA,NA,NA,NA,NA
2421,M,1969,2017,ACTIVE,71,Y,N,Y,274,341,113,614
2421,M,1969,2020,ACTIVE,74,Y,N,NA,NA,NA,NA,NA
757,M,1994,2017,ACTIVE,41,N,N,Y,449,796,922,1229
757,M,1994,2020,ACTIVE,44,N,N,NA,NA,NA,NA,NA
421,M,1968,2017,ACTIVE,62,N,N,N,2,251,23,254
421,M,1968,2020,ACTIVE,65,N,N,NA,NA,NA,NA,NA
2975,F,2011,2017,ACTIVE,32,N,N,N,0,163,934,164
2975,F,2011,2020,ACTIVE,35,N,N,NA,NA,NA,NA,NA
1494,M,1977,2017,HOLDOVER,53,N,N,N,NA,NA,NA,NA
1494,M,1977,2020,ACTIVE,56,Y,N,NA,NA,NA,NA,NA
907,M,2004,2017,ACTIVE,29,Y,Y,N,22,192,126,215
907,M,2004,2020,HOLDOVER,32,N,N,NA,NA,NA,NA,NA
3791,M,2001,2017,ACTIVE,60,N,N,N,0,207,0,207
3791,M,2001,2020,ACTIVE,63,N,N,NA,NA,NA,NA,NA
3021,M,2012,2017,ACTIVE,34,N,N,N,25,152,0,176
3021,M,2012,2020,ACTIVE,37,N,N,NA,NA,NA,NA,NA
2334,F,2003,2017,ACTIVE,39,N,N,N,0,0,146,0
2334,F,2003,2020,HOLDOVER,42,N,N,NA,NA,NA,NA,NA
1600,F,2009,2017,ACTIVE,26,N,N,N,0,203,182,202
1600,F,2009,2020,ACTIVE,29,N,N,NA,NA,NA,NA,NA
2358,M,2006,2017,HOLDOVER,67,N,N,N,NA,NA,NA,NA
2358,M,2006,2020,ACTIVE,70,N,N,NA,NA,NA,NA,NA
2423,M,1980,2017,ACTIVE,79,N,N,N,65,0,373,66
2423,M,1980,2020,ACTIVE,82,N,N,NA,NA,NA,NA,NA
3553,F,2005,2017,ACTIVE,76,N,N,N,164,8,259,172
3553,F,2005,2020,ACTIVE,79,N,N,NA,NA,NA,NA,NA
3875,M,2015,2017,ACTIVE,35,Y,Y,N,229,496,899,724
3875,M,2015,2020,ACTIVE,38,Y,N,NA,NA,NA,NA,NA
1864,M,1970,2017,ACTIVE,74,Y,N,N,584,3,423,586
1864,M,1970,2020,ACTIVE,77,Y,N,NA,NA,NA,NA,NA
905,F,1999,2017,ACTIVE,46,Y,N,Y,235,2455,672,2690
905,F,1999,2020,ACTIVE,49,N,N,NA,NA,NA,NA,NA
4077,M,1972,2017,ACTIVE,66,Y,N,N,20,89,382,110
4077,M,1972,2020,ACTIVE,69,Y,N,NA,NA,NA,NA,NA
618,M,2004,2017,ACTIVE,58,N,N,N,251,1881,233,2131
618,M,2004,2020,ACTIVE,61,N,N,NA,NA,NA,NA,NA
1065,M,2003,2017,ACTIVE,31,Y,Y,N,214,0,448,215
1065,M,2003,2020,ACTIVE,34,Y,Y,NA,NA,NA,NA,NA
1612,M,2006,2017,ACTIVE,59,N,N,N,5,877,1452,882
1612,M,2006,2020,ACTIVE,62,N,N,NA,NA,NA,NA,NA
2330,F,1980,2017,ACTIVE,62,N,N,N,152,509,278,662
2330,F,1980,2020,ACTIVE,65,N,N,NA,NA,NA,NA,NA
1639,M,1979,2017,ACTIVE,75,Y,N,N,1207,0,24,1207
1639,M,1979,2020,ACTIVE,78,Y,N,NA,NA,NA,NA,NA
1614,M,1992,2017,ACTIVE,45,N,N,N,1520,2058,108,3576
1614,M,1992,2020,ACTIVE,48,N,N,NA,NA,NA,NA,NA
1446,F,2020,2017,ACTIVE,31,Y,Y,N,384,289,71,672
1446,F,2020,2020,ACTIVE,34,N,N,NA,NA,NA,NA,NA
326,M,1973,2017,ACTIVE,77,Y,N,Y,173,1060,158,1232
326,M,1973,2020,ACTIVE,80,Y,N,NA,NA,NA,NA,NA
1333,M,2000,2017,ACTIVE,49,N,N,N,661,122,151,782
1333,M,2000,2020,ACTIVE,52,N,N,NA,NA,NA,NA,NA
4125,M,2002,2017,ACTIVE,66,N,N,Y,0,726,364,726
4125,M,2002,2020,ACTIVE,69,N,N,NA,NA,NA,NA,NA
1708,M,2020,2017,ACTIVE,39,Y,Y,N,260,892,669,1110
1708,M,2020,2020,ACTIVE,42,Y,Y,NA,NA,NA,NA,NA
2998,F,1998,2017,HOLDOVER,50,N,N,N,NA,NA,NA,NA
2998,F,1998,2020,ACTIVE,53,N,N,NA,NA,NA,NA,NA
2445,F,1967,2017,ACTIVE,71,Y,N,N,667,504,530,1170
2445,F,1967,2020,ACTIVE,74,Y,N,NA,NA,NA,NA,NA
1445,F,1984,2017,ACTIVE,93,Y,N,N,73,1141,557,1215
1445,F,1984,2020,ACTIVE,96,Y,N,NA,NA,NA,NA,NA
626,M,1985,2017,ACTIVE,85,Y,N,N,0,1012,0,1012
626,M,1985,2020,ACTIVE,88,Y,N,NA,NA,NA,NA,NA
71,M,1993,2017,ACTIVE,54,N,N,N,295,177,0,471
71,M,1993,2020,ACTIVE,57,N,N,NA,NA,NA,NA,NA
601,F,1995,2017,ACTIVE,44,Y,N,N,306,0,181,307
601,F,1995,2020,ACTIVE,47,N,N,NA,NA,NA,NA,NA
3301,M,2016,2017,ACTIVE,77,Y,N,N,334,121,67,455
3301,M,2016,2020,ACTIVE,80,Y,N,NA,NA,NA,NA,NA
1561,M,2014,2017,ACTIVE,50,N,N,N,144,1283,438,1342
1561,M,2014,2020,ACTIVE,53,Y,N,NA,NA,NA,NA,NA
3536,M,2006,2017,ACTIVE,48,Y,Y,Y,283,558,137,841
3536,M,2006,2020,ACTIVE,51,Y,Y,NA,NA,NA,NA,NA
2986,F,1989,2017,ACTIVE,47,Y,N,Y,1745,4593,3111,6338
2986,F,1989,2020,ACTIVE,50,N,N,NA,NA,NA,NA,NA
1650,M,1979,2017,ACTIVE,71,Y,N,N,397,0,15,397
1650,M,1979,2020,ACTIVE,74,Y,N,NA,NA,NA,NA,NA
1070,M,2018,2017,ACTIVE,39,N,Y,N,339,125,99,464
1070,M,2018,2020,ACTIVE,42,N,N,NA,NA,NA,NA,NA
2605,M,2005,2017,ACTIVE,61,N,N,Y,37,580,791,617
2605,M,2005,2020,ACTIVE,64,N,N,NA,NA,NA,NA,NA
2115,M,2020,2017,ACTIVE,49,N,Y,N,0,468,262,468
2115,M,2020,2020,ACTIVE,52,N,Y,NA,NA,NA,NA,NA
3192,M,1992,2017,ACTIVE,48,N,N,N,309,178,233,486
3192,M,1992,2020,ACTIVE,51,Y,N,NA,NA,NA,NA,NA
41,F,2009,2017,ACTIVE,57,Y,Y,Y,373,648,2167,1021
41,F,2009,2020,ACTIVE,60,Y,Y,NA,NA,NA,NA,NA
754,M,2009,2017,ACTIVE,24,N,N,N,84,0,0,84
754,M,2009,2020,ACTIVE,27,N,N,NA,NA,NA,NA,NA
2980,M,2013,2017,ACTIVE,50,Y,N,N,2327,262,294,2589
2980,M,2013,2020,ACTIVE,53,Y,N,NA,NA,NA,NA,NA
4056,F,1993,2017,ACTIVE,54,N,N,N,658,541,215,1198
4056,F,1993,2020,ACTIVE,57,N,N,NA,NA,NA,NA,NA
3015,M,1963,2017,ACTIVE,65,N,N,N,0,0,53,0
3015,M,1963,2020,ACTIVE,68,N,N,NA,NA,NA,NA,NA
2570,M,1994,2017,ACTIVE,54,N,N,Y,690,597,769,1287
2570,M,1994,2020,ACTIVE,57,N,N,NA,NA,NA,NA,NA
3373,M,1993,2017,ACTIVE,64,Y,N,N,378,0,582,378
3373,M,1993,2020,ACTIVE,67,N,N,NA,NA,NA,NA,NA
2260,M,2012,2017,ACTIVE,53,Y,N,Y,780,885,466,1665
2260,M,2012,2020,ACTIVE,56,N,N,NA,NA,NA,NA,NA
459,F,2010,2017,ACTIVE,53,Y,N,N,317,3,0,319
459,F,2010,2020,ACTIVE,56,Y,N,NA,NA,NA,NA,NA
1412,M,2018,2017,ACTIVE,34,N,N,Y,0,504,886,504
1412,M,2018,2020,ACTIVE,37,N,N,NA,NA,NA,NA,NA
3980,M,2012,2017,ACTIVE,49,N,N,Y,713,1347,104,2058
3980,M,2012,2020,ACTIVE,52,N,N,NA,NA,NA,NA,NA
2693,M,2005,2017,ACTIVE,25,Y,Y,N,0,0,94,0
2693,M,2005,2020,ACTIVE,28,N,N,NA,NA,NA,NA,NA
2788,M,1974,2017,ACTIVE,69,N,N,N,308,140,134,450
2788,M,1974,2020,ACTIVE,72,N,N,NA,NA,NA,NA,NA
2744,M,1980,2017,ACTIVE,61,N,N,Y,138,578,335,715
2744,M,1980,2020,ACTIVE,64,Y,N,NA,NA,NA,NA,NA
1066,M,1975,2017,ACTIVE,70,N,N,Y,165,0,183,166
1066,M,1975,2020,ACTIVE,73,N,N,NA,NA,NA,NA,NA
2449,M,1990,2017,HOLDOVER,58,N,N,N,NA,NA,NA,NA
2449,M,1990,2020,ACTIVE,61,N,N,NA,NA,NA,NA,NA
4038,M,1978,2017,ACTIVE,67,N,N,N,86,0,81,85
4038,M,1978,2020,ACTIVE,70,N,N,NA,NA,NA,NA,NA
3571,M,1969,2017,ACTIVE,81,N,N,Y,31,454,261,486
3571,M,1969,2020,ACTIVE,84,N,N,NA,NA,NA,NA,NA
3012,M,1973,2017,ACTIVE,77,N,N,N,0,20,57,20
3012,M,1973,2020,ACTIVE,80,N,N,NA,NA,NA,NA,NA
3697,F,2017,2017,ACTIVE,30,N,Y,N,455,131,184,587
3697,F,2017,2020,ACTIVE,33,N,N,NA,NA,NA,NA,NA
1733,M,2005,2017,ACTIVE,28,N,N,N,0,182,182,183
1733,M,2005,2020,ACTIVE,31,Y,N,NA,NA,NA,NA,NA
4007,F,1975,2017,ACTIVE,68,N,N,N,24,574,822,598
4007,F,1975,2020,ACTIVE,71,N,N,NA,NA,NA,NA,NA
1627,M,2018,2017,ACTIVE,37,Y,N,Y,2736,2935,789,5538
1627,M,2018,2020,ACTIVE,40,N,N,NA,NA,NA,NA,NA
18,M,2019,2017,ACTIVE,64,N,N,N,17,161,209,178
18,M,2019,2020,ACTIVE,67,N,N,NA,NA,NA,NA,NA
1790,M,1993,2017,ACTIVE,52,N,Y,N,3287,629,586,3916
1790,M,1993,2020,ACTIVE,55,Y,N,NA,NA,NA,NA,NA
648,M,2013,2017,ACTIVE,55,N,N,N,54,336,310,390
648,M,2013,2020,ACTIVE,58,N,N,NA,NA,NA,NA,NA
2422,M,1991,2017,ACTIVE,49,N,N,Y,130,947,660,1078
2422,M,1991,2020,ACTIVE,52,N,N,NA,NA,NA,NA,NA
686,M,2020,2017,ACTIVE,40,Y,Y,N,178,684,1242,858
686,M,2020,2020,ACTIVE,43,Y,Y,NA,NA,NA,NA,NA
1250,M,2015,2017,ACTIVE,43,N,N,Y,19,1393,164,1412
1250,M,2015,2020,ACTIVE,46,N,N,NA,NA,NA,NA,NA
3140,M,2014,2017,ACTIVE,54,N,N,Y,135,68,889,203
3140,M,2014,2020,ACTIVE,57,N,N,NA,NA,NA,NA,NA
833,F,2013,2017,ACTIVE,25,N,N,N,0,222,0,221
833,F,2013,2020,ACTIVE,28,N,N,NA,NA,NA,NA,NA
1599,M,1983,2017,ACTIVE,67,N,N,N,1557,328,879,1885
1599,M,1983,2020,ACTIVE,70,N,N,NA,NA,NA,NA,NA
4044,F,1992,2017,ACTIVE,49,Y,N,N,797,1302,7,2011
4044,F,1992,2020,ACTIVE,52,Y,N,NA,NA,NA,NA,NA
2160,F,2014,2017,ACTIVE,29,N,N,N,0,297,282,298
2160,F,2014,2020,ACTIVE,32,N,Y,NA,NA,NA,NA,NA
1743,M,2014,2017,ACTIVE,61,N,N,N,59,346,457,405
1743,M,2014,2020,ACTIVE,64,N,N,NA,NA,NA,NA,NA
1315,M,2009,2017,ACTIVE,40,N,N,N,0,0,298,0
1315,M,2009,2020,ACTIVE,43,N,N,NA,NA,NA,NA,NA
3598,M,2002,2017,ACTIVE,25,Y,Y,N,12,154,117,166
3598,M,2002,2020,ACTIVE,28,Y,N,NA,NA,NA,NA,NA
3641,M,2002,2017,ACTIVE,74,Y,N,Y,80,233,29,313
3641,M,2002,2020,ACTIVE,77,N,N,NA,NA,NA,NA,NA
4245,F,1993,2017,ACTIVE,51,N,N,N,59,0,205,59
4245,F,1993,2020,ACTIVE,54,N,N,NA,NA,NA,NA,NA
1948,M,2018,2017,ACTIVE,40,Y,N,N,341,287,33,628
1948,M,2018,2020,ACTIVE,43,Y,N,NA,NA,NA,NA,NA
2306,M,1973,2017,ACTIVE,76,Y,N,N,121,78,518,198
2306,M,1973,2020,ACTIVE,79,Y,N,NA,NA,NA,NA,NA
398,F,2003,2017,ACTIVE,28,N,N,N,20,175,198,194
398,F,2003,2020,ACTIVE,31,N,N,NA,NA,NA,NA,NA
3194,F,2018,2017,ACTIVE,40,N,N,N,51,114,525,164
3194,F,2018,2020,ACTIVE,43,N,N,NA,NA,NA,NA,NA
436,M,1982,2017,ACTIVE,66,Y,Y,N,22,212,494,235
436,M,1982,2020,ACTIVE,69,N,N,NA,NA,NA,NA,NA
1165,M,1975,2017,ACTIVE,74,Y,N,Y,768,695,498,1463
1165,M,1975,2020,ACTIVE,77,Y,N,NA,NA,NA,NA,NA
794,M,2013,2017,ACTIVE,35,Y,Y,N,1619,398,220,2018
794,M,2013,2020,ACTIVE,38,Y,N,NA,NA,NA,NA,NA
606,M,2004,2017,ACTIVE,54,N,N,N,180,247,156,428
606,M,2004,2020,ACTIVE,57,N,N,NA,NA,NA,NA,NA
1363,F,2005,2017,ACTIVE,36,N,N,N,0,121,448,120
1363,F,2005,2020,ACTIVE,39,Y,N,NA,NA,NA,NA,NA
2035,F,1980,2017,ACTIVE,51,Y,N,N,370,248,239,618
2035,F,1980,2020,ACTIVE,54,Y,N,NA,NA,NA,NA,NA
1796,M,2004,2017,ACTIVE,29,Y,N,N,379,68,72,447
1796,M,2004,2020,ACTIVE,32,Y,N,NA,NA,NA,NA,NA
1666,F,2015,2017,ACTIVE,42,N,N,N,4,811,272,814
1666,F,2015,2020,ACTIVE,45,N,N,NA,NA,NA,NA,NA
3424,M,2017,2017,ACTIVE,43,Y,N,N,303,138,158,440
3424,M,2017,2020,ACTIVE,46,N,N,NA,NA,NA,NA,NA
1241,F,2011,2017,ACTIVE,52,Y,N,N,154,339,979,494
1241,F,2011,2020,ACTIVE,55,N,N,NA,NA,NA,NA,NA
1026,M,2000,2017,ACTIVE,42,N,Y,N,285,38,0,323
1026,M,2000,2020,ACTIVE,45,N,Y,NA,NA,NA,NA,NA
3515,M,1982,2017,ACTIVE,57,N,Y,N,106,0,75,106
3515,M,1982,2020,ACTIVE,60,N,Y,NA,NA,NA,NA,NA
3636,F,1973,2017,ACTIVE,67,N,N,N,0,0,93,0
3636,F,1973,2020,ACTIVE,70,N,N,NA,NA,NA,NA,NA
4237,M,2018,2017,ACTIVE,44,N,N,Y,733,1001,468,1734
4237,M,2018,2020,ACTIVE,47,N,N,NA,NA,NA,NA,NA
1950,M,1973,2017,ACTIVE,78,N,N,Y,32,837,1157,868
1950,M,1973,2020,ACTIVE,81,N,N,NA,NA,NA,NA,NA
2285,F,2007,2017,ACTIVE,31,N,N,N,261,428,30,690
2285,F,2007,2020,ACTIVE,34,N,N,NA,NA,NA,NA,NA
1448,M,1984,2017,ACTIVE,72,Y,N,N,1187,880,529,2067
1448,M,1984,2020,ACTIVE,75,Y,N,NA,NA,NA,NA,NA
1565,M,2011,2017,ACTIVE,33,N,N,N,0,423,353,423
1565,M,2011,2020,ACTIVE,36,N,N,NA,NA,NA,NA,NA
2906,M,1974,2017,ACTIVE,79,N,N,N,0,93,0,93
2906,M,1974,2020,ACTIVE,82,N,N,NA,NA,NA,NA,NA
713,M,1974,2017,ACTIVE,58,N,N,N,0,0,815,0
713,M,1974,2020,ACTIVE,61,Y,N,NA,NA,NA,NA,NA
250,M,2001,2017,ACTIVE,32,N,N,N,128,94,89,223
250,M,2001,2020,HOLDOVER,35,N,N,NA,NA,NA,NA,NA
1835,F,1970,2017,ACTIVE,73,N,N,Y,96,613,281,709
1835,F,1970,2020,ACTIVE,76,N,N,NA,NA,NA,NA,NA
586,M,1997,2017,ACTIVE,38,N,N,N,19,314,499,333
586,M,1997,2020,HOLDOVER,41,N,N,NA,NA,NA,NA,NA
202,M,1985,2017,HOLDOVER,53,N,N,N,NA,NA,NA,NA
202,M,1985,2020,ACTIVE,56,Y,N,NA,NA,NA,NA,NA
555,M,1985,2017,ACTIVE,56,Y,Y,N,156,1868,2158,2011
555,M,1985,2020,ACTIVE,59,Y,Y,NA,NA,NA,NA,NA
4096,F,1983,2017,ACTIVE,60,N,N,Y,0,275,50,275
4096,F,1983,2020,ACTIVE,63,N,N,NA,NA,NA,NA,NA
2593,F,1983,2017,ACTIVE,54,Y,N,N,408,125,112,533
2593,F,1983,2020,ACTIVE,57,Y,N,NA,NA,NA,NA,NA
4139,M,1993,2017,ACTIVE,73,Y,N,Y,344,152,245,494
4139,M,1993,2020,ACTIVE,76,Y,N,NA,NA,NA,NA,NA
1355,M,1995,2017,ACTIVE,44,N,Y,N,565,458,860,1023
1355,M,1995,2020,ACTIVE,47,Y,Y,NA,NA,NA,NA,NA
1142,M,1995,2017,ACTIVE,51,N,N,Y,1039,735,185,1773
1142,M,1995,2020,ACTIVE,54,N,N,NA,NA,NA,NA,NA
3260,M,2000,2017,ACTIVE,43,N,N,N,573,99,0,671
3260,M,2000,2020,ACTIVE,46,N,N,NA,NA,NA,NA,NA
3131,F,1982,2017,ACTIVE,75,N,N,N,257,726,28,984
3131,F,1982,2020,ACTIVE,78,N,N,NA,NA,NA,NA,NA
1057,F,1986,2017,ACTIVE,40,N,N,N,712,110,0,822
1057,F,1986,2020,ACTIVE,43,N,N,NA,NA,NA,NA,NA
1345,F,1980,2017,HOLDOVER,61,N,N,N,NA,NA,NA,NA
1345,F,1980,2020,ACTIVE,64,N,N,NA,NA,NA,NA,NA
4113,M,1987,2017,ACTIVE,55,N,N,N,0,0,24,0
4113,M,1987,2020,ACTIVE,58,N,N,NA,NA,NA,NA,NA
867,M,2010,2017,ACTIVE,38,N,N,N,66,49,162,117
867,M,2010,2020,ACTIVE,41,N,N,NA,NA,NA,NA,NA
1314,M,2019,2017,ACTIVE,42,Y,Y,N,1451,1173,1230,2626
1314,M,2019,2020,ACTIVE,45,Y,Y,NA,NA,NA,NA,NA
3627,F,1982,2017,ACTIVE,59,Y,N,N,28,0,0,28
3627,F,1982,2020,ACTIVE,62,N,N,NA,NA,NA,NA,NA
1609,M,1998,2017,ACTIVE,55,Y,N,Y,611,454,0,1064
1609,M,1998,2020,ACTIVE,58,N,N,NA,NA,NA,NA,NA
3736,M,1990,2017,ACTIVE,56,N,N,N,21,57,0,77
3736,M,1990,2020,ACTIVE,59,N,N,NA,NA,NA,NA,NA
482,F,1967,2017,ACTIVE,86,Y,N,N,53,308,0,362
482,F,1967,2020,ACTIVE,89,Y,N,NA,NA,NA,NA,NA
241,M,2008,2017,ACTIVE,58,N,N,N,40,533,642,573
241,M,2008,2020,ACTIVE,61,N,Y,NA,NA,NA,NA,NA
2204,M,2015,2017,ACTIVE,34,N,N,N,0,5,180,0
2204,M,2015,2020,ACTIVE,37,N,Y,NA,NA,NA,NA,NA
2536,M,1995,2017,ACTIVE,36,Y,N,N,104,0,303,104
2536,M,1995,2020,HOLDOVER,39,N,N,NA,NA,NA,NA,NA
3292,M,2002,2017,ACTIVE,34,N,Y,Y,63,410,84,474
3292,M,2002,2020,ACTIVE,37,N,N,NA,NA,NA,NA,NA
1204,M,2005,2017,ACTIVE,49,Y,N,N,431,434,50,866
1204,M,2005,2020,ACTIVE,52,N,N,NA,NA,NA,NA,NA
3526,F,2007,2017,ACTIVE,49,Y,N,N,1,33,142,34
3526,F,2007,2020,ACTIVE,52,N,N,NA,NA,NA,NA,NA
2985,M,1977,2017,HOLDOVER,56,N,N,N,NA,NA,NA,NA
2985,M,1977,2020,ACTIVE,59,Y,N,NA,NA,NA,NA,NA
108,M,1996,2017,ACTIVE,56,N,N,Y,31,452,882,483
108,M,1996,2020,ACTIVE,59,N,N,NA,NA,NA,NA,NA
2583,M,1979,2017,ACTIVE,70,Y,N,N,57,0,629,57
2583,M,1979,2020,ACTIVE,73,N,N,NA,NA,NA,NA,NA
2538,M,1997,2017,ACTIVE,56,Y,N,Y,361,2384,383,2745
2538,M,1997,2020,ACTIVE,59,Y,N,NA,NA,NA,NA,NA
2760,M,1996,2017,ACTIVE,65,Y,N,Y,26,660,523,685
2760,M,1996,2020,ACTIVE,68,N,N,NA,NA,NA,NA,NA
2822,M,1995,2017,ACTIVE,48,Y,Y,Y,177,425,3696,602
2822,M,1995,2020,ACTIVE,51,Y,Y,NA,NA,NA,NA,NA
3723,M,1998,2017,ACTIVE,90,Y,N,N,20,77,0,98
3723,M,1998,2020,ACTIVE,93,Y,N,NA,NA,NA,NA,NA
2024,M,2017,2017,ACTIVE,43,N,Y,N,39,302,0,341
2024,M,2017,2020,ACTIVE,46,N,Y,NA,NA,NA,NA,NA
449,M,1968,2017,ACTIVE,77,N,N,Y,93,242,510,335
449,M,1968,2020,ACTIVE,80,N,N,NA,NA,NA,NA,NA
2756,M,2003,2017,ACTIVE,24,N,N,N,2,89,435,91
2756,M,2003,2020,ACTIVE,27,N,N,NA,NA,NA,NA,NA
2814,M,2020,2017,ACTIVE,41,N,N,N,37,268,62,303
2814,M,2020,2020,ACTIVE,44,N,N,NA,NA,NA,NA,NA
685,M,1993,2017,ACTIVE,65,N,N,N,75,215,166,288
685,M,1993,2020,ACTIVE,68,N,N,NA,NA,NA,NA,NA
79,M,1982,2017,ACTIVE,56,Y,N,N,345,56,394,401
79,M,1982,2020,ACTIVE,59,N,N,NA,NA,NA,NA,NA
297,F,2013,2017,ACTIVE,67,Y,N,N,254,448,882,700
297,F,2013,2020,ACTIVE,70,N,N,NA,NA,NA,NA,NA
1231,F,1998,2017,ACTIVE,53,Y,N,N,21,66,0,86
1231,F,1998,2020,ACTIVE,56,Y,N,NA,NA,NA,NA,NA
3150,M,2011,2017,ACTIVE,30,N,N,N,0,61,211,61
3150,M,2011,2020,ACTIVE,33,Y,N,NA,NA,NA,NA,NA
215,M,2012,2017,ACTIVE,52,N,N,Y,0,102,22,101
215,M,2012,2020,HOLDOVER,55,N,N,NA,NA,NA,NA,NA
2378,F,2008,2017,ACTIVE,63,N,N,Y,21,1835,1436,1855
2378,F,2008,2020,ACTIVE,66,N,N,NA,NA,NA,NA,NA
3551,M,1985,2017,ACTIVE,62,N,N,N,18,0,80,18
3551,M,1985,2020,ACTIVE,65,N,N,NA,NA,NA,NA,NA
1264,M,2020,2017,ACTIVE,52,N,N,N,272,512,570,784
1264,M,2020,2020,ACTIVE,55,N,N,NA,NA,NA,NA,NA
3787,M,1976,2017,ACTIVE,63,N,N,N,0,79,41,78
3787,M,1976,2020,ACTIVE,66,N,N,NA,NA,NA,NA,NA
383,F,1986,2017,ACTIVE,49,Y,Y,N,208,31,0,240
383,F,1986,2020,ACTIVE,52,Y,Y,NA,NA,NA,NA,NA
3183,M,2012,2017,ACTIVE,49,Y,Y,Y,657,526,909,1182
3183,M,2012,2020,ACTIVE,52,Y,N,NA,NA,NA,NA,NA
2339,M,2005,2017,ACTIVE,46,Y,N,N,1640,982,108,2615
2339,M,2005,2020,HOLDOVER,49,N,N,NA,NA,NA,NA,NA
2112,M,2016,2017,ACTIVE,38,Y,N,Y,148,1667,317,1815
2112,M,2016,2020,ACTIVE,41,Y,N,NA,NA,NA,NA,NA
3019,F,2009,2017,ACTIVE,29,N,N,N,230,144,209,375
3019,F,2009,2020,ACTIVE,32,N,N,NA,NA,NA,NA,NA
3583,F,1998,2017,ACTIVE,35,N,N,N,210,158,16,368
3583,F,1998,2020,ACTIVE,38,N,N,NA,NA,NA,NA,NA
3856,M,1968,2017,ACTIVE,63,N,N,Y,58,868,1561,926
3856,M,1968,2020,ACTIVE,66,N,N,NA,NA,NA,NA,NA
8,F,2007,2017,ACTIVE,46,N,N,N,850,342,230,1191
8,F,2007,2020,ACTIVE,49,N,N,NA,NA,NA,NA,NA
643,F,2017,2017,ACTIVE,31,Y,Y,N,138,226,789,364
643,F,2017,2020,ACTIVE,34,Y,N,NA,NA,NA,NA,NA
1621,F,1999,2017,ACTIVE,34,Y,N,N,231,103,109,333
1621,F,1999,2020,ACTIVE,37,N,N,NA,NA,NA,NA,NA
3765,M,2001,2017,ACTIVE,53,Y,N,Y,204,304,193,507
3765,M,2001,2020,ACTIVE,56,Y,N,NA,NA,NA,NA,NA
1646,M,2003,2017,ACTIVE,53,N,N,N,2,177,509,179
1646,M,2003,2020,ACTIVE,56,N,N,NA,NA,NA,NA,NA
327,F,1995,2017,HOLDOVER,35,N,N,N,NA,NA,NA,NA
327,F,1995,2020,ACTIVE,38,N,N,NA,NA,NA,NA,NA
473,M,1967,2017,ACTIVE,65,Y,N,Y,309,658,1461,966
473,M,1967,2020,ACTIVE,68,Y,N,NA,NA,NA,NA,NA
3200,M,2011,2017,ACTIVE,59,N,N,N,0,731,94,732
3200,M,2011,2020,ACTIVE,62,N,N,NA,NA,NA,NA,NA
1382,M,1976,2017,ACTIVE,75,Y,N,Y,243,425,47,667
1382,M,1976,2020,ACTIVE,78,N,N,NA,NA,NA,NA,NA
3017,M,1980,2017,ACTIVE,72,Y,N,N,97,130,192,227
3017,M,1980,2020,ACTIVE,75,Y,N,NA,NA,NA,NA,NA
1167,M,2007,2017,ACTIVE,43,N,Y,Y,1721,1237,2284,2957
1167,M,2007,2020,ACTIVE,46,N,Y,NA,NA,NA,NA,NA
1458,M,1993,2017,ACTIVE,45,N,N,Y,131,47,202,177
1458,M,1993,2020,ACTIVE,48,N,N,NA,NA,NA,NA,NA
4112,M,1983,2017,ACTIVE,58,Y,N,N,246,925,472,1172
4112,M,1983,2020,ACTIVE,61,N,N,NA,NA,NA,NA,NA
1108,F,1981,2017,ACTIVE,53,Y,N,N,257,600,486,858
1108,F,1981,2020,ACTIVE,56,Y,N,NA,NA,NA,NA,NA
1019,M,1994,2017,ACTIVE,59,N,N,N,3,95,0,97
1019,M,1994,2020,ACTIVE,62,N,N,NA,NA,NA,NA,NA
2950,F,2017,2017,ACTIVE,38,N,N,N,70,161,935,232
2950,F,2017,2020,HOLDOVER,41,N,N,NA,NA,NA,NA,NA
743,F,2013,2017,ACTIVE,50,N,N,N,80,287,200,368
743,F,2013,2020,ACTIVE,53,N,N,NA,NA,NA,NA,NA
2798,M,1993,2017,ACTIVE,49,N,N,N,0,47,97,47
2798,M,1993,2020,ACTIVE,52,N,N,NA,NA,NA,NA,NA
355,M,1995,2017,ACTIVE,41,N,N,N,163,7,77,170
355,M,1995,2020,ACTIVE,44,N,N,NA,NA,NA,NA,NA
1096,F,2003,2017,ACTIVE,44,N,N,Y,61,314,16,376
1096,F,2003,2020,ACTIVE,47,Y,N,NA,NA,NA,NA,NA
31,M,1990,2017,ACTIVE,70,N,N,N,4,533,225,537
31,M,1990,2020,ACTIVE,73,N,N,NA,NA,NA,NA,NA
3952,M,1987,2017,ACTIVE,45,Y,N,N,1235,1689,229,2922
3952,M,1987,2020,ACTIVE,48,N,N,NA,NA,NA,NA,NA
1044,M,1966,2017,ACTIVE,59,Y,N,N,278,178,86,455
1044,M,1966,2020,ACTIVE,62,N,N,NA,NA,NA,NA,NA
318,M,1980,2017,ACTIVE,64,N,N,N,0,13,17,13
318,M,1980,2020,ACTIVE,67,N,N,NA,NA,NA,NA,NA
3095,M,1987,2017,ACTIVE,87,Y,N,N,449,18,177,467
3095,M,1987,2020,ACTIVE,90,Y,N,NA,NA,NA,NA,NA
2005,F,2004,2017,ACTIVE,41,Y,N,N,124,116,0,239
2005,F,2004,2020,ACTIVE,44,Y,N,NA,NA,NA,NA,NA
200,F,2000,2017,ACTIVE,59,N,N,N,210,0,18,211
200,F,2000,2020,ACTIVE,62,N,N,NA,NA,NA,NA,NA
2093,M,2017,2017,ACTIVE,40,N,N,Y,23,443,250,467
2093,M,2017,2020,ACTIVE,43,N,N,NA,NA,NA,NA,NA
1787,F,2003,2017,ACTIVE,60,Y,Y,N,36,809,331,846
1787,F,2003,2020,ACTIVE,63,Y,Y,NA,NA,NA,NA,NA
4081,M,1973,2017,ACTIVE,72,Y,Y,Y,66,832,243,899
4081,M,1973,2020,ACTIVE,75,N,N,NA,NA,NA,NA,NA
3833,F,2005,2017,ACTIVE,48,Y,N,N,1273,910,0,2183
3833,F,2005,2020,ACTIVE,51,N,N,NA,NA,NA,NA,NA
4194,F,1965,2017,ACTIVE,94,N,N,N,0,759,0,759
4194,F,1965,2020,ACTIVE,97,N,N,NA,NA,NA,NA,NA
3581,F,2020,2017,ACTIVE,58,Y,N,N,1688,0,34,1687
3581,F,2020,2020,ACTIVE,61,Y,N,NA,NA,NA,NA,NA
2667,F,2003,2017,ACTIVE,35,Y,N,N,829,940,366,1769
2667,F,2003,2020,ACTIVE,38,N,N,NA,NA,NA,NA,NA
3811,M,2010,2017,ACTIVE,31,Y,Y,N,468,37,448,506
3811,M,2010,2020,ACTIVE,34,Y,Y,NA,NA,NA,NA,NA
1370,M,2015,2017,ACTIVE,54,N,N,N,8,1069,345,1077
1370,M,2015,2020,ACTIVE,57,N,N,NA,NA,NA,NA,NA
4141,M,2002,2017,ACTIVE,38,Y,Y,N,187,173,354,361
4141,M,2002,2020,ACTIVE,41,Y,Y,NA,NA,NA,NA,NA
3031,M,2001,2017,ACTIVE,68,N,N,Y,91,147,637,237
3031,M,2001,2020,ACTIVE,71,N,N,NA,NA,NA,NA,NA
1656,M,1990,2017,ACTIVE,70,Y,Y,N,131,109,747,241
1656,M,1990,2020,ACTIVE,73,N,N,NA,NA,NA,NA,NA
1088,F,2002,2017,ACTIVE,75,Y,N,N,322,347,0,669
1088,F,2002,2020,ACTIVE,78,Y,N,NA,NA,NA,NA,NA
2599,M,2020,2017,ACTIVE,67,Y,N,N,89,52,204,141
2599,M,2020,2020,ACTIVE,70,N,N,NA,NA,NA,NA,NA
2837,M,2011,2017,ACTIVE,49,N,N,Y,53,1981,0,2034
2837,M,2011,2020,ACTIVE,52,N,N,NA,NA,NA,NA,NA
3692,M,1988,2017,ACTIVE,50,N,N,N,0,85,351,86
3692,M,1988,2020,ACTIVE,53,N,N,NA,NA,NA,NA,NA
820,F,1992,2017,ACTIVE,87,Y,N,Y,0,76,131,76
820,F,1992,2020,ACTIVE,90,N,N,NA,NA,NA,NA,NA
929,M,1983,2017,ACTIVE,68,N,Y,Y,9,337,225,345
929,M,1983,2020,HOLDOVER,71,N,N,NA,NA,NA,NA,NA
4191,M,2001,2017,ACTIVE,48,N,N,N,134,68,4,202
4191,M,2001,2020,ACTIVE,51,N,N,NA,NA,NA,NA,NA
400,M,2003,2017,ACTIVE,70,N,N,Y,0,92,10,92
400,M,2003,2020,ACTIVE,73,N,N,NA,NA,NA,NA,NA
1475,M,2008,2017,ACTIVE,30,N,N,N,0,60,374,60
1475,M,2008,2020,ACTIVE,33,N,N,NA,NA,NA,NA,NA
2792,M,1984,2017,ACTIVE,58,N,N,Y,0,875,207,876
2792,M,1984,2020,ACTIVE,61,N,N,NA,NA,NA,NA,NA
1624,M,1993,2017,ACTIVE,75,Y,N,N,353,228,435,581
1624,M,1993,2020,ACTIVE,78,Y,N,NA,NA,NA,NA,NA
3357,M,1999,2017,ACTIVE,39,N,N,N,189,0,0,189
3357,M,1999,2020,ACTIVE,42,N,N,NA,NA,NA,NA,NA
3786,M,1991,2017,ACTIVE,36,N,N,N,0,382,1463,382
3786,M,1991,2020,ACTIVE,39,Y,N,NA,NA,NA,NA,NA
4089,F,1996,2017,ACTIVE,59,N,N,N,626,1210,1283,1829
4089,F,1996,2020,ACTIVE,62,N,N,NA,NA,NA,NA,NA
1327,M,1978,2017,ACTIVE,54,N,Y,N,247,663,152,910
1327,M,1978,2020,ACTIVE,57,N,Y,NA,NA,NA,NA,NA
3420,M,1996,2017,ACTIVE,39,Y,Y,N,685,94,198,779
3420,M,1996,2020,ACTIVE,42,Y,Y,NA,NA,NA,NA,NA
4162,M,1990,2017,ACTIVE,56,N,N,N,284,308,156,592
4162,M,1990,2020,ACTIVE,59,N,N,NA,NA,NA,NA,NA
193,M,2001,2017,ACTIVE,69,Y,N,N,581,299,36,880
193,M,2001,2020,ACTIVE,72,Y,N,NA,NA,NA,NA,NA
3959,M,2014,2017,ACTIVE,44,N,N,Y,460,495,167,954
3959,M,2014,2020,ACTIVE,47,N,Y,NA,NA,NA,NA,NA
347,M,2008,2017,ACTIVE,20,N,Y,N,33,71,233,103
347,M,2008,2020,ACTIVE,23,N,Y,NA,NA,NA,NA,NA
963,F,1975,2017,ACTIVE,83,N,N,N,0,192,49,192
963,F,1975,2020,ACTIVE,86,N,N,NA,NA,NA,NA,NA
294,M,1967,2017,ACTIVE,74,Y,N,Y,2603,1084,482,3688
294,M,1967,2020,ACTIVE,77,Y,N,NA,NA,NA,NA,NA
4159,F,1983,2017,ACTIVE,68,Y,N,Y,223,28,21,98
4159,F,1983,2020,ACTIVE,71,Y,N,NA,NA,NA,NA,NA
3324,M,1981,2017,ACTIVE,68,N,N,Y,5,1813,333,1819
3324,M,1981,2020,ACTIVE,71,N,N,NA,NA,NA,NA,NA
2777,F,2013,2017,ACTIVE,55,N,N,Y,0,230,261,230
2777,F,2013,2020,ACTIVE,58,N,N,NA,NA,NA,NA,NA
1517,M,2005,2017,ACTIVE,56,N,N,Y,47,281,442,327
1517,M,2005,2020,ACTIVE,59,N,N,NA,NA,NA,NA,NA
3729,M,1978,2017,ACTIVE,58,N,N,N,18,105,254,123
3729,M,1978,2020,ACTIVE,61,N,N,NA,NA,NA,NA,NA
814,F,2016,2017,ACTIVE,32,N,N,N,0,192,328,192
814,F,2016,2020,HOLDOVER,35,N,N,NA,NA,NA,NA,NA
4085,M,1963,2017,ACTIVE,84,Y,N,N,0,242,0,243
4085,M,1963,2020,ACTIVE,87,Y,N,NA,NA,NA,NA,NA
4241,M,1961,2017,ACTIVE,69,N,N,N,0,0,23,0
4241,M,1961,2020,ACTIVE,72,N,N,NA,NA,NA,NA,NA
3668,F,2003,2017,ACTIVE,63,Y,N,N,153,246,319,398
3668,F,2003,2020,ACTIVE,66,Y,N,NA,NA,NA,NA,NA
1859,M,2015,2017,ACTIVE,34,N,N,N,220,139,200,359
1859,M,2015,2020,ACTIVE,37,N,N,NA,NA,NA,NA,NA
2317,F,1977,2017,ACTIVE,70,N,N,N,132,0,208,132
2317,F,1977,2020,ACTIVE,73,Y,N,NA,NA,NA,NA,NA
461,F,1988,2017,ACTIVE,50,N,N,N,641,985,108,1626
461,F,1988,2020,ACTIVE,53,N,N,NA,NA,NA,NA,NA
1415,M,1965,2017,ACTIVE,73,Y,N,Y,572,441,856,1012
1415,M,1965,2020,ACTIVE,76,Y,N,NA,NA,NA,NA,NA
539,M,2015,2017,ACTIVE,38,Y,N,Y,122,927,246,1049
539,M,2015,2020,ACTIVE,41,Y,N,NA,NA,NA,NA,NA
2117,M,2010,2017,ACTIVE,50,N,N,N,2598,280,333,2878
2117,M,2010,2020,ACTIVE,53,N,N,NA,NA,NA,NA,NA
2446,M,1970,2017,ACTIVE,86,Y,N,N,919,481,208,1400
2446,M,1970,2020,ACTIVE,89,Y,N,NA,NA,NA,NA,NA
1358,M,2011,2017,ACTIVE,29,N,N,N,0,89,767,90
1358,M,2011,2020,ACTIVE,32,N,N,NA,NA,NA,NA,NA
2687,M,1989,2017,ACTIVE,44,N,Y,N,110,273,979,383
2687,M,1989,2020,ACTIVE,47,N,Y,NA,NA,NA,NA,NA
372,F,2016,2017,ACTIVE,67,N,N,N,27,111,15,138
372,F,2016,2020,ACTIVE,70,Y,N,NA,NA,NA,NA,NA
77,M,1981,2017,ACTIVE,53,N,N,N,12,143,90,154
77,M,1981,2020,ACTIVE,56,N,N,NA,NA,NA,NA,NA
2473,M,2012,2017,ACTIVE,43,N,N,N,52,36,0,88
2473,M,2012,2020,ACTIVE,46,N,N,NA,NA,NA,NA,NA
3807,M,1996,2017,ACTIVE,69,N,N,N,61,236,115,296
3807,M,1996,2020,ACTIVE,72,N,N,NA,NA,NA,NA,NA
422,M,1962,2017,ACTIVE,75,N,N,N,246,62,158,309
422,M,1962,2020,ACTIVE,78,N,N,NA,NA,NA,NA,NA
2833,F,1983,2017,ACTIVE,62,Y,N,N,530,0,128,530
2833,F,1983,2020,ACTIVE,65,Y,N,NA,NA,NA,NA,NA
3556,M,1993,2017,ACTIVE,49,N,N,N,34,436,94,470
3556,M,1993,2020,ACTIVE,52,N,N,NA,NA,NA,NA,NA
1047,M,1988,2017,ACTIVE,50,N,N,Y,282,1568,779,1851
1047,M,1988,2020,ACTIVE,53,N,N,NA,NA,NA,NA,NA
1638,M,1992,2017,ACTIVE,36,Y,N,N,1222,809,486,2031
1638,M,1992,2020,ACTIVE,39,Y,N,NA,NA,NA,NA,NA
990,M,1985,2017,ACTIVE,71,N,N,N,231,315,0,546
990,M,1985,2020,ACTIVE,74,N,N,NA,NA,NA,NA,NA
1658,M,2009,2017,ACTIVE,55,Y,N,Y,146,519,272,664
1658,M,2009,2020,ACTIVE,58,N,N,NA,NA,NA,NA,NA
1132,M,1974,2017,ACTIVE,56,N,N,N,269,441,166,709
1132,M,1974,2020,ACTIVE,59,N,N,NA,NA,NA,NA,NA
2974,M,2011,2017,ACTIVE,59,N,N,N,653,150,76,802
2974,M,2011,2020,HOLDOVER,62,N,N,NA,NA,NA,NA,NA
